Gesture A,"[-0.095768064, -2.432509, -2.8634653, 3.3135753, -2.3080103, 1.0821792, -0.5267244, -2.7964275, 10.25676, 4.865018, -4.5298295, -1.1492168, -0.50757074, -1.2162545, 0.20111294]","[10.965444, 6.291962, 6.1195793, 17.822437, -1.4556746, 6.4643445, 21.241358, 3.2465374, 10.716447, 8.896853, 9.634268, 9.950302, 10.065224, 9.653421, 9.3182335]","[1.9057846, -1.1013328, 0.545878, 6.4068837, -2.432509, 1.2066777, 8.504205, 0.91937345, -3.86903, -1.5131354, 0.9864111, 0.49799395, 0.8523358, 0.4213795, 0.009576807]"
Gesture A,"[1.0151415, -1.934515, -2.5187001, 0.61291564, 0.19153613, -0.019153614, -2.8443117, -1.1013328, 7.9391727, -2.0494366, -3.3327289, -0.076614454, -0.7086837, -0.90979666]","[12.679692, 3.7828386, 6.981492, 13.215993, -1.2545617, 8.197746, 16.041151, 2.528277, 9.634268, 8.532935, 9.222465, 9.720459, 9.701305, 9.682152]","[2.2122424, -2.9400797, 0.641646, 6.3781533, -4.185065, 2.7964275, 11.444284, -0.23942018, -1.9919758, 3.5434184, 0.82360536, 0.79487497, 1.3024458, 1.7525556]"
Gesture A,"[-0.047884032, -5.257667, 11.070788, -1.8387469, 0.05746084, 0.60333884, -1.5801731, 11.731588, -11.022904, -1.3599066, -1.091756, -0.92895025, -0.9864111, -0.47884035]","[9.959879, -3.074155, 31.804575, -1.1204864, -0.8714894, 29.544449, 0.06703765, 9.634268, 8.169016, 9.557653, 9.730036, 9.595961, 9.816227, 10.103531]","[0.62249243, -2.8538885, 11.884817, -0.18195933, -4.759673, 14.288596, -1.6089035, -2.0590134, 5.592855, -0.019153614, 0.9864111, 0.81402856, 1.5035586, 0.60333884]"
Gesture A,"[-0.89064306, 0.038307227, -0.32561144, -5.602432, 12.392388, -1.9440918, 2.6623523, -3.9552212, 1.091756, 9.088389, -11.310209, -0.8619126, -0.095768064, -0.39264908]","[9.624691, 13.972561, 4.8362875, -1.2641385, 31.584309, -3.6583402, 3.572149, 25.024197, 1.4939818, 9.414001, 8.082825, 9.80665, 9.80665, 9.80665]","[1.484405, 4.012682, -2.4612393, -2.9783869, 13.139379, -4.5202527, -1.8291701, 16.759413, -0.63206923, -0.47884035, 8.178593, -0.019153614, 0.7278373, 0.7278373]"
Gesture A,"[-0.9576807, -0.41180268, -7.28795, 11.836933, -2.719813, 2.9400797, -3.371036, 2.3463178, 10.43872, -12.277467, -0.08619126, 0.1436521, -0.16280572, -0.7661445]","[11.798626, 5.7843914, -4.817134, 29.87006, -3.715801, 3.620033, 23.022644, 1.1492168, 10.189722, 8.465898, 9.586384, 9.720459, 10.113108, 10.055647]","[1.8004397, -1.1492168, -3.0358477, 14.4609785, -2.231396, 0.02873042, 16.069881, -2.0685902, -0.7661445, 8.523358, 0.7086837, 0.34476504, 0.45968673, 0.18195933]"
Gesture A,"[-0.5554548, -1.7046716, -6.033388, 9.911995, -1.8100165, 3.9839516, -0.90979666, 0.11492168, 12.5264635, -6.157887, 0.0, 0.019153614, -0.45968673, -0.1436521, -0.1340753]","[11.57836, 4.9416323, -2.4708161, 22.55338, -3.6296098, 6.2632318, 20.9349, 1.0055647, 10.247183, 10.295067, 9.3661175, 9.797073, 9.682152, 9.864111, 9.184157]","[2.7006595, -1.2545617, -0.10534488, 6.531382, -3.6008794, 2.3080103, 12.248735, 0.41180268, 0.18195933, 2.336741, 0.20111294, 1.4173675, 1.091756, 0.6895301, 5.00867]"
Gesture A,"[1.3982137, -4.673482, 10.773908, -1.340753, 0.08619126, 1.0055647, -0.35434186, 12.717999, -2.6240451, -2.2888567, -0.7757214, -0.17238252, -0.51714754]","[12.861651, -2.8538885, 27.753586, 1.8195933, -2.3942018, 26.78633, 3.514688, 8.954314, 9.002198, 9.615114, 9.682152, 9.624691, 10.007763]","[1.7238252, -6.6175733, 11.741165, 0.038307227, -5.305551, 13.627796, 3.86903, -1.4652514, 1.6089035, 2.528277, 1.5610195, 0.8714894, 1.2737153]"
Gesture A,"[-1.4173675, 2.7868507, -6.1004257, 12.449849, -1.6184803, 1.8483237, -2.5761611, 0.33518824, 10.5440645, -11.405977, -0.21068975, -0.41180268, -0.6799533]","[10.295067, 7.6710224, -4.903325, 36.027946, -3.2561142, 2.9783869, 23.501484, 1.5227122, 10.371682, 8.24563, 9.969456, 9.691729, 9.662998]","[2.0973208, -0.5746084, -3.4284968, 14.978126, -3.5242648, -0.4309563, 12.698846, -0.8523358, -0.17238252, 6.2345014, 0.31603462, 0.61291564, 0.9768343]"
Gesture A,"[-1.9632454, 1.5993267, -5.544971, 15.275007, -3.41892, 2.1930888, 0.12449849, -1.6567876, 12.047623, -1.8674773, -3.1794999, 0.009576807, -0.45010993]","[11.271901, 5.1140146, -3.4859576, 33.48052, -2.480393, 1.9536686, 25.780764, 1.5993267, 10.43872, 7.536947, 9.165004, 9.80665, 9.892841]","[1.9536686, -5.765238, -2.777274, 11.971008, -1.4269443, -3.3997664, 12.26789, 2.3654714, 0.7086837, 3.514688, 0.37349546, 1.1204864, 0.9576807]"
Gesture A,"[-2.1930888, -2.1068976, -3.1507695, 9.107543, -2.0207062, 3.9073372, -3.763685, 16.807297, -2.3080103, -3.0071173, -0.11492168, -0.45968673]","[14.5759, 1.5897499, -0.6512229, 19.728222, -4.817134, 13.493721, 11.63582, 8.552089, 8.973468, 9.050082, 9.682152, 9.931149]","[3.8977604, -2.566584, 1.3120226, 4.3382936, -1.2737153, 8.226477, 6.588843, 1.6089035, 3.2082303, -0.06703765, 0.8331822, 0.6512229]"
Gesture A,"[-1.8962077, -4.050989, -0.22984336, 1.4939818, 1.2066777, 3.9935284, 1.283292, 0.90021986, 10.783484, -11.57836, -0.02873042, -0.24899697, -0.5363012, -0.32561144, -0.8714894]","[15.591042, -0.8714894, 10.266336, 12.4785795, -2.6719291, 7.9391727, 19.79526, 1.5705963, 9.097966, 7.8625584, 10.093954, 9.615114, 9.701305, 9.653421, 8.781932]","[5.21936, -6.167464, 6.2823853, 4.4340615, -4.5872903, 1.8674773, 8.963891, -1.2449849, -0.90979666, 7.1634517, 0.9768343, 1.283292, 1.13964, 1.4939818, 6.8665705]"
Gesture A,"[-1.4269443, 1.091756, -6.7324953, 16.098612, -3.3518825, 2.0207062, 2.0494366, 0.6991069, 13.445837, -3.715801, -2.4516625, -0.60333884, -1.1013328, -0.047884032]","[12.0571995, 8.7532015, -6.291962, 37.4932, -3.964798, -0.25857377, 29.075186, 0.81402856, 11.36767, 7.431602, 9.797073, 9.471462, 9.797073, 9.749189]","[2.4516625, -0.095768064, -4.0701427, 16.175226, -0.8810662, -1.4269443, 17.238253, 1.8291701, 1.7429788, 2.9496565, 0.6991069, 1.2162545, 0.91937345, 2.9113493]"
Gesture A,"[-1.0247183, -0.038307227, -5.765238, 14.365211, -2.3654714, 1.3694834, 0.62249243, -1.9536686, 13.962984, 6.531382, -9.097966, 0.842759, -0.2873042, 0.78529817]","[9.720459, 11.664551, -2.7485435, 28.28031, -1.0726024, -1.1683705, 24.123976, 5.171476, 9.241618, 8.916007, 9.346964, 9.902418, 9.835381, 10.67814]","[1.4556746, 1.733402, -4.3478703, 11.798626, 2.327164, -5.2863975, 15.638926, 4.7500963, 0.36391866, 1.9919758, 5.161899, 1.1492168, 1.0055647, -3.9743748]"
Gesture A,"[0.78529817, -6.1387334, 13.503298, -2.078167, 0.62249243, 1.8195933, -3.0071173, 9.892841, -1.532289, -3.083732, 0.5267244, -0.6991069, -0.47884035, -0.23942018, 1.5514427]","[10.28549, -5.161899, 37.1197, -2.1547816, 0.24899697, 25.771187, 2.2697031, 9.662998, 8.801085, 9.672575, 9.883265, 9.040505, 9.998186, 9.892841, 9.787497]","[0.60333884, -5.401319, 15.150508, -0.08619126, -2.9017725, 14.164097, 2.6527755, 3.7732618, 2.7964275, 1.5801731, 1.1204864, 3.5817258, 1.0726024, 0.8810662, -3.6583402]"
Gesture A,"[-0.49799395, -0.93852705, -8.111555, 14.058752, -2.719813, 0.39264908, -3.964798, 10.496181, 6.981492, -4.462792, 0.9576807, -0.009576807]","[10.28549, 6.655881, -7.3166804, 33.901897, -5.5641246, 3.0454245, 13.072341, 5.257667, 7.9008656, 10.390836, 10.371682, 9.854534]","[2.4516625, -0.038307227, -4.0701427, 18.186356, -2.3175871, -1.3982137, 9.662998, -0.545878, 2.5378537, 0.17238252, 1.5131354, 1.0342951]"
Gesture A,"[-0.2873042, -3.3518825, -1.1587936, 5.583278, 0.842759, 4.8267107, -1.9057846, 13.9151, 0.50757074, -4.213795, -0.6799533, -0.7086837, -0.47884035]","[17.123331, 0.24899697, 2.231396, 14.058752, -4.309563, 16.089035, 6.4643445, 8.772355, 9.040505, 8.590396, 9.490616, 10.036493, 10.218452]","[7.1155677, -5.085284, 5.3247046, 3.8402996, -3.3614593, 8.159439, 5.7269306, 1.3215994, 5.363012, 0.49799395, 1.3120226, 0.9768343, -0.38307226]"
Gesture A,"[-0.58418524, 1.3694834, -7.52737, 12.076353, -1.1109096, 2.1068976, -2.078167, 6.6175733, 12.938266, -6.8186865, -0.30645782, -0.7086837]","[10.572795, 6.483498, -6.081272, 30.961817, -2.3750482, 0.10534488, 26.173412, 2.3942018, 8.686164, 9.892841, 9.519346, 9.80665]","[5.142745, 2.078167, -0.545878, 19.507956, -0.7086837, -3.3135753, 13.120225, 0.6607997, -2.3654714, 2.384625, 1.1683705, 1.4652514]"
Gesture A,"[3.763685, -5.0757074, 2.078167, 1.9632454, 1.4269443, -3.6966474, -0.11492168, 13.761871, -7.9104424, -2.1068976, -0.51714754, -0.24899697]","[14.355634, -2.8443117, 15.102624, 8.494628, -4.8267107, 27.839777, 0.05746084, 8.054094, 9.289502, 8.896853, 9.481039, 8.523358]","[5.104438, -4.9703627, 10.496181, 1.292869, -5.746084, 21.825542, 3.4572272, 0.545878, 7.297527, 0.91937345, 1.3982137, 5.267244]"
Gesture A,"[0.62249243, -4.0222588, -2.183512, 7.1730285, 0.7565677, 4.2521024, -3.3039982, 14.872781, 5.746084, -1.2162545, 0.5746084, 0.17238252, -0.7469909]","[19.622877, -2.3654714, 3.3423057, 15.47612, -4.223372, 13.474567, 6.943185, 8.504205, 7.747637, 11.032481, 9.940725, 9.864111, 8.916007]","[7.0964136, -4.7884035, 6.9048777, 1.8483237, -2.834735, 11.473015, 3.86903, -0.58418524, 4.060566, 2.7485435, 1.091756, 1.6950948, 6.655881]"
Gesture A,"[-1.2162545, 3.0358477, -9.097966, 20.293253, -1.7621324, 1.1204864, -7.3166804, 1.3024458, 13.761871, -3.4955344, -2.8538885, -0.6895301, -0.78529817]","[10.01734, 8.6095495, -5.48751, 35.386303, -1.5705963, -0.8331822, 25.321077, 0.9672575, 7.431602, 8.1402855, 9.069236, 9.471462, 9.586384]","[2.4995465, 0.6991069, -3.6487634, 12.919112, 2.834735, -3.0550013, 17.219099, 3.7253778, 0.92895025, 7.5082164, 1.5993267, 1.9536686, 2.030283]"
Gesture A,"[-0.5267244, -1.6472107, -1.0726024, -5.142745, 5.765238, -37.368702, -0.02873042, -0.94810385, -3.169923, -3.5817258, -0.24899697, -0.94810385, -1.4269443, -1.4652514]","[8.571242, 8.954314, 8.829816, 16.596605, -11.405977, 24.526203, -5.3342814, -1.3503298, 3.1316159, -0.60333884, 10.141838, 9.519346, 10.1226845, 8.925584]","[3.7541082, 3.074155, 3.5242648, 11.003751, -7.7572136, 6.9048777, 0.019153614, 3.1603463, -7.9583263, -18.330008, 5.9759274, 2.3080103, 1.4556746, 2.6527755]"
Gesture A,"[-1.5610195, -1.7046716, 6.38773, -39.992744, 1.5610195, 12.382812, -18.157625, -2.1260512, -0.20111294, -1.5610195, -2.585738, -1.4556746, -1.043872, -1.5610195]","[11.540052, 8.303091, -8.312668, 25.79034, -4.1946416, -11.712435, 16.682798, -3.6487634, 9.854534, 9.107543, 10.927136, 10.228029, 9.481039, 9.270349]","[6.6750345, 4.146757, -8.054094, 9.768343, -2.7485435, 4.7405195, 2.1930888, -25.924416, 18.674774, 2.4037786, 0.06703765, 1.6089035, 3.0358477, 2.6910827]"
Gesture A,"[-0.19153613, 4.223372, -15.571888, -8.264784, 8.303091, -34.42862, 1.2737153, -3.5242648, 1.1875241, -0.7565677, -1.7142484, -1.8195933, -2.183512]","[9.232041, -3.5913026, 7.929596, 6.2728086, -5.401319, 22.438457, -1.4460979, 2.030283, 8.935161, 9.165004, 9.797073, 9.768343, 9.758766]","[4.1180267, -10.496181, 6.885724, 3.1124623, -3.2944214, -8.101978, -3.7062242, -17.889475, 6.493075, 2.633622, 0.60333884, 1.8195933, 2.231396]"
Gesture A,"[-1.7717092, -5.841852, 4.721366, -27.945122, -6.196194, 16.587029, -19.067423, -0.08619126, -1.532289, -2.432509, -1.7621324, -1.340753, -1.8004397, -1.541866, -1.283292, -2.4516625]","[8.810662, 17.353174, -6.0046577, 9.346964, 1.9536686, -16.74026, 18.588581, -4.271256, 10.793061, 9.701305, 9.682152, 9.481039, 9.662998, 9.500193, 9.452309, 9.605537]","[2.5953147, 11.549629, -9.883265, 6.1770406, 1.13964, 4.271256, 0.61291564, -25.694572, 14.949395, 0.45010993, 1.4652514, 1.5227122, 2.0111294, 1.7525556, 0.5554548, 2.078167]"
Gesture A,"[5.8705826, -10.151415, -12.191275, 19.498379, -35.702335, 7.575254, -6.157887, -1.2449849, -2.030283, -1.6184803, -1.3599066, -1.5897499, -1.7908629]","[-4.7405195, -2.5378537, 3.1890767, -14.690822, 25.627535, -4.4340615, 0.9864111, 9.902418, 9.375694, 9.710882, 9.548077, 9.825804, 9.260772]","[-8.111555, 5.3247046, 0.81402856, 5.6215854, -1.9536686, -4.654328, -5.889736, 0.48841715, 1.3599066, 0.4213795, 1.3311762, 2.5570073, 2.3750482]"
Gesture A,"[-1.3120226, -3.2465374, 4.548983, -34.830845, -5.0661306, 11.779472, -15.361198, -3.6008794, -0.6607997, -0.10534488, -0.80445176, -1.5993267, -1.7525556, -1.5897499]","[9.203311, 14.097059, -9.3661175, 16.76899, -0.076614454, -16.357185, 17.697939, 0.40222588, 4.9703627, 9.11712, 9.337387, 10.247183, 10.0748005, 9.481039]","[2.1739352, 7.0102224, -10.103531, 11.942278, -0.25857377, 1.5705963, 6.1866174, -10.362105, 22.179884, 1.0342951, 0.12449849, 0.095768064, 1.8100165, 1.9440918]"
Gesture A,"[-1.283292, -4.6830587, 10.362105, -34.54354, -13.359646, 22.524649, -38.21146, 4.367024, -1.3311762, -1.3982137, -0.36391866, -0.6799533, -0.9768343, -1.4748282, -2.0015526]","[9.3661175, 17.745823, -10.94629, 3.715801, -1.3311762, -18.50239, 29.20926, -4.903325, -3.9839516, 9.433155, 9.232041, 9.500193, 9.442732, 9.931149, 9.586384]","[2.030283, 9.691729, -11.520899, 5.6886234, 0.7374141, 2.6910827, 10.802638, -8.839393, 25.368961, 2.336741, 1.5227122, 1.0342951, 1.9440918, 1.8004397, 2.920926]"
Gesture A,"[-1.5035586, -6.742072, 4.098873, 7.3549876, -33.097443, 8.494628, 10.745177, -21.978771, 0.7374141, 6.9144545, 1.2066777, -0.91937345, -1.4748282, -1.0151415, -1.1204864, -1.8483237]","[9.528923, 20.705057, -1.4556746, -12.229582, 19.977219, -7.97748, -16.01242, 16.079458, -1.8962077, 2.815581, 7.6614456, 9.394848, 9.902418, 9.950302, 9.32781, 9.969456]","[1.3599066, 8.494628, -7.0006456, -4.9703627, 16.606182, -9.844957, 7.6231384, 9.969456, -8.791509, 20.772095, 1.043872, 1.1683705, 1.0726024, 2.6719291, 2.681506, 1.9919758]"
Gesture A,"[-1.7142484, -1.292869, 3.1124623, -26.84379, -11.731588, 5.391742, -45.930367, -1.1204864, -6.6367273, 1.2066777, -1.4556746, -1.7429788, -0.50757074, -1.043872, -0.9959879]","[14.030022, 11.089942, -3.8115692, 3.5338416, 5.4779334, -8.801085, 20.54225, -0.61291564, 2.1547816, 9.720459, 9.3182335, 10.0748005, 9.557653, 9.682152, 9.615114]","[6.1866174, -0.41180268, -12.871228, 26.748022, 9.107543, -2.3080103, 5.813122, -2.336741, -24.59324, 17.085024, 1.3790601, 1.6089035, 0.93852705, 2.0207062, 1.982399]"
Gesture A,"[-0.32561144, -0.59376204, 3.0071173, -37.320816, -8.255207, 13.8480625, -37.598545, 0.25857377, -10.43872, 0.10534488, -0.25857377, -1.3503298, -2.078167, -1.2449849, -1.8100165]","[10.400413, 10.582372, -7.575254, 7.2304893, -0.7661445, -14.346057, 27.332207, -0.40222588, 4.1659107, 9.720459, 8.944737, 9.758766, 10.036493, 9.605537, 9.80665]","[2.7964275, 4.9799395, -9.030929, 15.380352, 3.821146, -1.541866, 5.535394, 1.6663644, -28.232426, 7.843405, 2.4708161, 3.0454245, 1.388637, 2.4516625, 1.3120226]"
Gesture A,"[-0.5267244, -1.4077905, 2.5091233, 1.484405, -22.256498, 10.936713, -18.904617, -5.4300494, -8.887277, 1.2641385, -1.8291701, -1.13964, -0.91937345, -1.9249382]","[9.557653, 16.74026, -3.169923, -14.997279, 10.572795, -9.519346, -5.9663506, 3.7253778, 4.185065, 7.8625584, 9.346964, 9.940725, 9.825804, 10.036493]","[2.5953147, 6.196194, -6.646304, 0.9768343, 11.587936, -5.0661306, 10.5440645, 0.29688102, -25.79034, 18.914194, 3.074155, 0.45968673, 0.641646, 0.6703765]"
Gesture A,"[-2.3654714, 2.6527755, 5.449203, -33.777397, 4.271256, 6.9623384, -13.302185, -4.6351743, 5.45878, -0.79487497, -0.5363012, -0.7374141, -1.2066777]","[13.9438305, 0.19153613, -11.693281, 21.279665, -8.791509, -15.753847, 9.3182335, -0.4405331, 6.157887, 9.241618, 9.576807, 10.0269165, 9.902418]","[3.2369606, -7.9870567, -6.397307, 21.394587, -4.5681367, -0.9672575, 1.3982137, -21.490355, 20.417751, -0.17238252, -0.61291564, 0.29688102, 1.5897499]"
Gesture A,"[-1.8291701, 0.08619126, 9.270349, -40.63439, 2.7389667, 12.306197, -19.067423, -7.192182, 5.171476, -0.48841715, -2.2505496, -1.0151415, -1.1300632, -1.7046716]","[14.33648, 3.9935284, -12.650962, 24.037785, -8.963891, -14.374787, 17.640478, 0.6703765, 4.3382936, 9.423578, 9.902418, 9.950302, 9.80665, 10.084377]","[4.462792, -3.083732, -6.445191, 22.898146, -0.9672575, -0.45968673, 7.52737, -22.16073, 19.862297, 0.35434186, 1.0630256, 1.043872, 1.2545617, 0.94810385]"
Gesture A,"[-1.1492168, -3.2752678, 0.93852705, 13.426683, -36.066254, 7.3166804, 8.820239, -10.247183, -6.8091097, 1.541866, -2.1164744, -0.82360536, -0.6607997, -0.7661445, 0.29688102]","[9.605537, 17.30529, 1.8291701, -16.203957, 24.334665, -8.101978, -17.190369, 6.4643445, 1.2545617, 5.9280434, 9.797073, 9.414001, 9.624691, 9.576807, 9.021352]","[1.0055647, 3.3997664, -1.7525556, -6.291962, 17.468096, -3.8881836, 0.641646, 0.22026655, -24.765623, 21.423317, 1.0726024, 2.6240451, 1.5801731, 1.9057846, 0.9864111]"
Gesture A,"[-0.7757214, 0.59376204, 14.259866, -35.740643, -1.2066777, 9.998186, -14.939818, -5.0182467, 2.0207062, -1.3215994, -0.17238252, -0.8810662, -0.80445176, -1.283292]","[12.392388, 7.019799, -10.907983, 22.515072, -3.4284968, -14.221559, 14.489709, 3.217807, 4.414908, 9.299079, 9.414001, 9.844957, 9.548077, 9.911995]","[2.930503, -0.81402856, -14.719552, 31.613039, -2.3750482, -0.94810385, 9.203311, -18.789696, 18.511967, 3.821146, 1.3599066, 1.3790601, 2.9113493, 2.4612393]"
Gesture A,"[-1.0821792, -3.8402996, 9.423578, -41.314346, -0.076614454, 1.8866309, -10.831368, -3.8881836, 1.0055647, -1.3215994, -1.0821792, -1.340753, -1.4460979, -1.4939818, -1.2641385, -1.6089035]","[9.32781, 12.976573, -13.445837, 25.57965, -5.8705826, -12.076353, 10.400413, 2.873042, 8.197746, 9.394848, 9.490616, 9.634268, 9.490616, 9.720459, 9.835381, 9.452309]","[0.5746084, 4.462792, -11.463438, 29.611486, -4.9703627, 2.5187001, 3.4955344, -30.243555, 14.12579, 2.882619, 2.6527755, 2.873042, 2.72939, 1.5514427, 1.8100165, 2.2505496]"
Gesture A,"[-1.0726024, -0.38307226, 0.7757214, 1.2354081, -19.086576, 11.109096, -34.677616, -3.964798, -4.405331, 0.35434186, -1.4556746, -0.9672575, -0.89064306, 0.1340753, -0.21068975, -1.043872]","[10.113108, 13.455414, 0.31603462, -10.007763, 12.794614, -10.01734, 13.532028, 3.7445314, 0.076614454, 8.686164, 8.992621, 8.801085, 9.682152, 9.749189, 9.385271, 9.701305]","[1.3694834, 2.6910827, -5.21936, -3.821146, 11.559206, -5.085284, 6.4260373, -4.9703627, 0.6512229, 4.7309427, 3.5434184, 3.620033, 2.2218192, 1.8195933, 1.541866, 2.7389667]"
Gesture A,"[-1.0151415, -4.146757, 2.231396, 6.895301, -27.734432, 9.720459, -24.928429, -2.8060043, -10.25676, -1.091756, -0.80445176, -1.091756, -1.982399, -1.0821792]","[9.56723, 17.563864, 0.095768064, -17.00841, 20.54225, -13.187263, 8.983045, 2.8538885, 1.934515, 8.925584, 9.241618, 9.672575, 10.419566, 9.423578]","[2.087744, 5.947197, -5.506664, -7.201759, 15.150508, -4.817134, 5.4779334, -1.6950948, -12.334928, 4.960786, 2.1260512, 0.7661445, 2.4612393, 2.633622]"
Gesture A,"[-0.5746084, -2.2888567, 3.1028855, -3.1603463, -20.69548, 11.147403, -47.041275, 0.33518824, 1.1587936, -1.7717092, -1.3694834, -0.641646, -0.8619126]","[9.126697, 14.595054, -1.3599066, -15.150508, 10.266336, -12.411542, 28.58677, -1.6759412, -2.432509, 9.940725, 9.500193, 9.691729, 9.500193]","[2.815581, 6.339846, -9.586384, 2.815581, 9.701305, -5.66947, 2.7102363, -3.7349546, 12.641385, 3.3997664, 2.6527755, 2.834735, 2.930503]"
Gesture A,"[-0.7757214, -5.133168, 3.1986535, -1.9919758, -25.838224, 8.446744, -6.4164605, -7.0485296, -10.390836, 0.009576807, -2.087744, -0.7469909, -1.0821792, -0.59376204, -1.0151415]","[9.720459, 19.31642, -2.3175871, -18.50239, 17.00841, -9.337387, -5.21936, 5.391742, 1.5514427, 7.6614456, 9.662998, 9.442732, 9.682152, 9.002198, 10.189722]","[2.3654714, 9.519346, -7.393295, -2.4516625, 16.424223, -4.999093, 7.393295, 1.4748282, -26.623524, 14.652514, 1.1492168, 1.8387469, 2.5091233, 1.0247183, 2.4612393]"
Gesture A,"[-0.62249243, -1.0630256, 8.66701, -44.101196, -13.694834, 7.0964136, -37.94331, -6.205771, -9.548077, -0.31603462, -2.27928, -1.2162545, -0.8619126, -1.0342951, -1.3982137]","[11.712435, 7.785944, -10.716447, 12.315774, 1.685518, -6.435614, 9.902418, 5.707777, 5.813122, 8.1881695, 9.921572, 9.844957, 9.720459, 9.624691, 9.433155]","[2.6527755, 3.1316159, -6.789956, 16.558298, 4.5872903, -5.410896, 8.781932, -2.1164744, -24.976313, 14.269443, 0.90021986, 1.5897499, 1.8962077, 1.4173675, 3.2369606]"
Gesture U,"[-2.6431987, 0.095768064, 5.3821654, -1.6663644, -2.6623523, -1.9536686, -1.6472107]","[5.6982, -1.2354081, 19.019539, 8.590396, 4.9224787, 10.151415, 9.299079]","[0.50757074, 1.3503298, 14.939818, 6.4643445, -0.6799533, 2.7389667, 0.79487497]"
Gesture U,"[-0.545878, -2.9879637, 4.0701427, 5.7365074, 0.79487497, -0.93852705, -0.21068975, 0.2681506, -0.22984336]","[15.131354, -0.89064306, 8.465898, 13.867216, 11.147403, 3.8498764, 9.720459, 10.314221, 9.643845]","[3.7253778, -3.86903, 3.5242648, 10.43872, 9.385271, -1.8579005, 0.5746084, 1.388637, 1.3215994]"
Gesture U,"[-1.0726024, -2.815581, 4.55856, 3.7349546, -5.535394, -1.2449849, -1.7812861]","[13.522451, -0.16280572, 7.7572136, 21.365856, -3.3901896, 9.998186, 9.998186]","[3.8498764, -3.620033, 4.817134, 15.514427, 0.46926352, 0.0, 0.4405331]"
Gesture U,"[-1.7525556, -0.4309563, 7.1730285, 0.82360536, -2.6527755, -0.31603462, -0.038307227]","[8.446744, 0.9959879, 13.263878, 14.403518, 2.7964275, 8.992621, 10.457873]","[0.7182605, -0.6799533, 6.9527617, 10.371682, 2.825158, 0.019153614, 1.0151415]"
Gesture U,"[-1.8770541, -1.5131354, 4.8745947, -0.7278373, -1.5705963, -0.7278373, -0.8714894]","[10.888829, 0.5746084, 11.444284, 17.48725, 0.5267244, 9.088389, 10.1226845]","[1.5801731, 0.047884032, 6.1004257, 13.2351465, 1.7908629, 1.2354081, 1.0630256]"
Gesture U,"[0.0, -1.9153614, -1.4077905, 7.872135, -0.89064306, -4.7979803, -0.8714894, -0.60333884]","[10.01734, 7.4507556, 4.232949, 14.5759, 16.682798, 0.7086837, 9.816227, 9.787497]","[1.5610195, 0.8810662, 3.572149, 9.394848, 12.181698, -0.842759, 0.82360536, 0.8331822]"
Gesture U,"[-0.20111294, -1.3215994, 4.098873, 4.4819455, -1.1109096, -1.0534488, -1.6376339, -1.685518]","[10.812215, 1.7429788, 10.218452, 14.5759, 8.1881695, 3.9743748, 10.151415, 9.797073]","[1.3790601, -0.4309563, 6.655881, 11.597513, 7.967903, -1.5131354, 0.076614454, -0.076614454]"
Gesture U,"[-1.7908629, -0.08619126, 6.215348, -1.7717092, -0.2777274, -0.9768343, -0.48841715]","[7.6231384, 1.0342951, 19.153614, 8.513782, 5.00867, 10.266336, 9.739613]","[-1.0151415, 2.3080103, 14.690822, 6.483498, -1.1779473, 1.7812861, 1.3024458]"
Gesture U,"[-0.94810385, 1.5705963, 4.548983, -2.2984335, -1.4173675, -1.436521, -1.4939818]","[7.699753, 3.6583402, 15.610195, 12.641385, 3.4859576, 8.571242, 9.883265]","[-0.82360536, 2.1930888, 12.899959, 8.264784, 0.6703765, 0.20111294, 1.091756]"
Gesture U,"[-0.62249243, -2.1930888, 7.2783732, -2.432509, -1.8770541, -0.89064306, -0.7374141]","[11.482592, -0.15322891, 11.281479, 17.764977, 2.2409728, 8.169016, 10.390836]","[1.283292, 0.33518824, 4.644751, 14.135366, 1.388637, -1.1300632, 0.78529817]"
Gesture U,"[-0.45968673, -0.4213795, 6.3781533, -5.3725886, -2.633622, -1.7812861, -0.90979666]","[9.605537, 2.5953147, 13.800179, 18.358738, -0.038307227, 9.634268, 9.787497]","[0.62249243, 0.45010993, 4.7884035, 11.674128, -0.7565677, 0.22984336, -0.21068975]"
Gesture U,"[-0.5746084, 1.4556746, 4.414908, -1.4652514, -0.61291564, -0.4405331, -0.90021986]","[8.772355, 3.1603463, 15.849615, 11.894394, 3.6870706, 10.314221, 9.662998]","[0.8523358, 2.5953147, 12.200851, 8.073248, -0.5746084, 0.4405331, 1.388637]"
Gesture U,"[-0.62249243, 2.8634653, 0.9959879, -1.1300632, -1.0342951, -0.63206923]","[5.9567738, 6.7133417, 17.228676, 7.8050976, 4.721366, 9.749189]","[0.009576807, 3.1411927, 13.733141, 6.1004257, -0.25857377, 2.3175871]"
Gesture U,"[-0.12449849, -2.0590134, 6.5122285, -4.76925, -2.9975405, 0.40222588, -0.5363012]","[9.011775, 0.79487497, 14.097059, 13.876793, 0.7757214, 10.275913, 10.01734]","[0.8523358, 1.6089035, 9.950302, 12.670115, 1.7812861, 0.90979666, 0.61291564]"
Gesture U,"[-0.59376204, 1.7238252, 5.2002063, -1.9728222, -0.038307227, -0.8714894, -1.1109096]","[6.1387334, 3.821146, 16.711529, 10.515334, 3.4572272, 10.697293, 9.557653]","[-1.2737153, 2.0398598, 13.857639, 8.1881695, -0.6607997, 1.7238252, 1.2258313]"
Gesture U,"[-0.33518824, -0.6895301, 4.0414124, -3.667917, -1.1109096, -0.2873042]","[9.691729, 1.2449849, 14.480132, 11.990162, 3.0550013, 9.77792]","[0.93852705, 0.37349546, 13.062764, 10.70687, 1.6663644, 0.25857377]"
Gesture U,"[-0.41180268, -0.45968673, 5.2289367, -2.3558946, -1.0630256, -0.038307227]","[8.916007, 3.4955344, 16.338032, 12.516887, 4.3478703, 9.490616]","[0.6512229, 1.9536686, 9.959879, 8.283937, -0.31603462, 2.4229321]"
Gesture U,"[-0.48841715, 3.620033, 0.0, -2.767697, -0.12449849, -0.7374141]","[7.690176, 6.0716953, 18.042704, 4.663905, 6.157887, 11.080365]","[0.92895025, 4.1659107, 12.813767, 5.2768207, 1.2545617, 0.8523358]"
Gesture U,"[-0.33518824, -0.80445176, 7.4603324, -3.2848446, -2.0398598, -1.1013328]","[9.059659, 3.3997664, 14.480132, 17.132908, -0.17238252, 10.381259]","[0.9768343, 3.016694, 10.601525, 12.804191, -1.484405, 1.6759412]"
Gesture U,"[-0.79487497, -0.06703765, 6.4068837, -4.060566, -1.292869, -1.3120226, -1.388637]","[8.437167, 4.280833, 13.761871, 16.127342, 0.5650316, 10.572795, 9.509769]","[1.3120226, 2.7485435, 8.303091, 11.540052, -1.6950948, 1.6759412, -0.1340753]"
Gesture U,"[-1.8004397, -1.388637, -0.8714894, 2.6048915, -1.091756, -10.553641, -0.9576807, -2.3654714, -1.3599066, -1.3982137, -1.7621324]","[10.170568, 12.77546, 9.988609, -3.0933087, 11.358093, 12.210428, 2.2601264, 11.137826, 9.969456, 9.80665, 9.088389]","[0.47884035, 1.8579005, 1.1204864, -7.067683, 13.972561, 6.3302693, -4.7500963, 1.5131354, -1.2066777, -0.08619126, 1.1683705]"
Gesture U,"[-1.292869, -2.0398598, 3.6104562, -1.685518, -18.23424, 2.7006595, -2.0590134, -1.8195933, -0.35434186, -1.0247183, -1.8100165]","[9.452309, 10.28549, -2.5187001, 7.3645644, 15.71554, 0.11492168, 11.18571, 9.576807, 9.5385, 9.720459, 9.308656]","[3.1124623, 2.3558946, -4.5298295, 12.871228, 3.8881836, -2.7485435, 1.4077905, 0.7757214, 2.384625, 1.7046716, 0.60333884]"
Gesture U,"[-4.3287168, -0.19153613, 9.816227, -14.192827, -3.715801, 0.58418524, 0.009576807, -1.2449849, -1.1971009, -1.484405, -1.7908629]","[14.623784, 5.410896, -7.297527, 24.420856, -0.46926352, 7.2113357, 9.3661175, 9.80665, 9.595961, 10.01734, 9.174581]","[5.6215854, -1.292869, -2.1068976, 16.548721, -4.5872903, 0.34476504, 1.685518, 1.982399, 2.183512, 1.6089035, 3.2752678]"
Gesture U,"[0.48841715, 7.038953, -22.170307, 1.6376339, -0.37349546, -0.12449849, -1.7238252, -0.21068975, -0.21068975, -1.1204864, -1.8483237]","[5.142745, -5.5737014, 29.008148, -4.185065, 9.375694, 9.969456, 9.864111, 9.394848, 9.126697, 9.385271, 8.887277]","[-1.9153614, -1.8100165, 19.421764, -7.536947, 0.61291564, 1.9249382, 3.2848446, 3.6966474, 3.3997664, 3.7924154, 4.6160207]"
Gesture U,"[-2.3175871, 2.9975405, 6.646304, -21.499931, 0.81402856, -0.60333884, -1.3599066, -1.4556746, -0.6895301, -0.78529817]","[13.196839, 1.436521, -4.414908, 25.01462, -2.0590134, 10.534488, 9.921572, 10.141838, 9.883265, 9.404425]","[5.2768207, -4.9320555, 5.094861, 13.656527, -5.1523223, 0.41180268, -0.7182605, 1.1013328, 2.0398598, 2.384625]"
Gesture U,"[-1.1875241, -3.0262709, 9.308656, -12.162544, -7.7667904, 0.02873042, -1.1109096, -0.90021986, 0.49799395]","[9.3182335, 9.279925, -6.703765, 21.969194, 2.6048915, 4.865018, 9.222465, 10.6398325, 10.084377]","[3.0550013, 0.095768064, -3.1794999, 16.654066, 2.930503, -1.8866309, 0.60333884, 1.8100165, 0.31603462]"
Gesture U,"[-2.0398598, -5.535394, 5.391742, 1.7717092, -19.88145, 2.633622, -1.934515, -2.834735, -0.21068975, -0.51714754, -2.9975405]","[10.01734, 14.5759, -3.41892, -1.3982137, 11.808203, 0.62249243, 9.720459, 10.237606, 10.180145, 9.461885, 10.218452]","[4.1180267, 8.532935, -5.9567738, 16.175226, 4.4340615, -4.6830587, -0.41180268, -0.2873042, 3.7062242, 2.633622, 3.9839516]"
Gesture U,"[-5.410896, 3.8977604, 6.129156, -16.318878, -0.61291564, -0.6512229, -1.4173675, -1.1204864, -0.91937345, -1.7429788]","[16.366762, -0.7757214, -5.2289367, 22.18946, -4.261679, 7.9104424, 11.109096, 10.448297, 9.80665, 9.107543]","[9.155427, -4.55856, -0.6991069, 17.30529, -2.8060043, -0.2681506, 1.4269443, 2.3463178, 3.2369606, 3.6774938]"
Gesture U,"[-2.27928, -5.5162406, 7.2304893, -14.738706, -12.5743475, 0.8523358, -2.135628, 0.019153614, -0.35434186, -4.0222588]","[11.645397, 10.381259, -4.9703627, 15.571888, 8.868123, 0.4405331, 9.490616, 11.36767, 9.097966, 10.323798]","[5.085284, 4.9224787, -5.449203, 13.857639, 7.3645644, -3.3997664, 1.2449849, 3.0550013, 3.514688, 3.572149]"
Gesture U,"[-2.5474305, -4.501099, 10.611102, -20.982784, 0.63206923, -0.29688102, -3.6296098, 0.25857377, -0.25857377, -0.6799533]","[12.076353, 10.860099, -8.207323, 30.521284, -3.2561142, 6.14831, 13.206416, 10.5919485, 8.6574335, 9.548077]","[5.8226986, 1.3503298, -2.7964275, 22.639572, -2.5953147, -1.5897499, 1.934515, 3.2465374, 3.4572272, 3.169923]"
Gesture U,"[-1.8866309, -0.29688102, 7.603985, -18.713081, -6.703765, 0.79487497, -2.6240451, -1.8387469, -1.1587936, -1.0534488]","[12.315774, 5.497087, -5.7843914, 25.771187, 2.8443117, 2.8060043, 10.965444, 12.382812, 9.002198, 9.011775]","[4.912902, -2.183512, -2.9783869, 23.022644, 1.6376339, -2.0015526, 1.4556746, 4.2425256, 3.371036, 3.2752678]"
Gesture U,"[-0.22984336, -2.528277, 4.060566, 0.16280572, -16.290148, 1.0534488, -1.4269443, 1.2162545, -0.18195933, -0.8714894]","[9.212888, 11.176133, -1.9536686, 5.8226986, 14.671668, -1.292869, 8.963891, 11.741165, 9.768343, 8.896853]","[3.9839516, 2.882619, -3.1028855, 15.073894, 6.0621185, -3.5913026, -1.340753, 5.171476, 4.5872903, 3.4380736]"
Gesture U,"[-2.2888567, 0.78529817, 5.4204726, -15.495274, -10.25676, 0.05746084, -2.4037786, -1.5227122, -0.6703765, -2.5761611]","[15.198392, 4.4723687, -4.865018, 19.594147, -0.5650316, 1.1013328, 12.363658, 10.850522, 9.14585, 10.007763]","[6.0142345, -3.2752678, -4.0222588, 24.17186, 1.3694834, -2.719813, 2.0973208, 4.711789, 2.719813, 2.566584]"
Gesture U,"[-5.8226986, 2.4612393, 6.933608, -26.02976, 2.825158, -2.384625, -2.6144683, 0.25857377, 0.39264908, -0.30645782, -1.0342951, -0.59376204]","[16.021997, 1.8962077, -7.1634517, 29.036879, -4.9799395, 7.872135, 12.382812, 10.601525, 9.021352, 9.222465, 9.174581, 9.481039]","[7.5082164, -3.7828386, -1.7046716, 19.258959, -3.5625722, -0.47884035, 1.9919758, 3.8019924, 3.064578, 2.8634653, 2.9113493, 1.6567876]"
Gesture U,"[-2.27928, 1.8483237, 7.603985, -23.24291, -0.23942018, -2.834735, -1.8195933, 3.1890767, -0.7278373, -1.8483237]","[13.464991, 1.5035586, -5.535394, 27.945122, -4.55856, 5.267244, 13.024457, 9.385271, 9.11712, 9.3182335]","[8.178593, -4.644751, -1.3215994, 17.410635, -2.9400797, 0.50757074, 4.8841715, 3.0071173, 3.2561142, 3.8977604]"
Gesture U,"[-1.340753, -2.1068976, 6.2823853, -12.038046, -13.2351465, 2.767697, -1.982399, 0.46926352, -0.6512229, -1.1971009, -1.3503298]","[11.233594, 9.165004, -3.2082303, 18.789696, 10.247183, 0.36391866, 9.3661175, 10.97502, 9.471462, 9.816227, 8.963891]","[4.10845, -0.81402856, -1.8100165, 14.030022, 3.6583402, -2.7102363, 0.61291564, 3.169923, 3.4572272, 3.3806129, 4.4723687]"
Gesture U,"[-3.8402996, -0.095768064, 5.133168, -9.337387, -11.664551, 1.6663644, -4.271256, -0.37349546, 0.076614454, -0.9959879]","[15.725117, 5.899313, -4.185065, 18.253393, 6.9240313, -1.0342951, 15.26543, 9.902418, 9.030929, 9.174581]","[6.129156, -1.9153614, -4.2999864, 20.350714, 1.3694834, -3.2273839, 1.9536686, 4.2904096, 2.9592333, 3.6391866]"
Gesture U,"[-3.0262709, 4.3382936, 6.9240313, -16.931795, -2.825158, 0.9768343, -2.1930888, 0.39264908, -1.4556746]","[15.179238, 0.9672575, -4.654328, 19.04827, -1.2545617, 3.0933087, 11.884817, 9.682152, 9.787497]","[7.5561004, -1.934515, -2.7389667, 18.53112, 0.6703765, -2.0494366, 3.6966474, 3.9456444, 2.2122424]"
Gesture U,"[-3.064578, 1.9536686, 2.719813, -17.30529, 0.32561144, 0.641646, -2.566584, 0.58418524, -1.9057846, -1.1779473]","[12.325351, 4.2999864, -2.585738, 27.035326, -2.6144683, 4.721366, 12.813767, 9.260772, 9.299079, 9.107543]","[3.9743748, -2.777274, -2.5953147, 19.096153, -0.5267244, -2.7581203, 2.27928, 4.951209, 4.5202527, 3.6008794]"
Gesture U,"[-3.2848446, 3.3997664, 7.4028716, -16.472107, -0.91937345, 1.7717092, -2.3654714, -0.9576807, -0.9672575, -1.5993267]","[14.4130945, 1.043872, -5.793968, 26.068068, -3.2082303, 2.7006595, 12.200851, 10.103531, 9.040505, 8.848969]","[7.5561004, -0.41180268, -2.7485435, 16.213533, -0.8714894, -2.72939, 3.9264908, 4.4244847, 3.2273839, 4.6160207]"
Gesture D,"[-1.6184803, -0.91937345, 2.7389667, 4.7022123, -3.4380736, -2.6144683, 1.7238252, 0.2777274, -0.8523358]","[7.326257, -0.41180268, 27.437551, 1.1204864, 2.6048915, 17.60217, 7.469909, 8.944737, 9.279925]","[1.5801731, -0.39264908, 19.009962, -2.7964275, -0.8619126, 12.564771, 5.094861, 3.3135753, 2.834735]"
Gesture D,"[0.22026655, -0.21068975, -0.89064306, 3.8594532, -4.3766007, -7.240066, 3.572149, -0.94810385, -0.25857377]","[9.653421, -1.1683705, 23.96117, 2.72939, 0.82360536, 16.146496, 5.544971, 9.394848, 9.251195]","[3.3518825, -3.169923, 14.882358, 2.5761611, -2.135628, 8.379706, 2.135628, 2.9017725, 4.003105]"
Gesture D,"[0.08619126, -1.3790601, 6.0046577, 5.363012, -8.2169, -6.14831, 3.3518825, -0.22984336, 0.21068975]","[4.4819455, -2.078167, 31.919497, 0.16280572, 1.8962077, 15.035586, 7.067683, 9.308656, 8.801085]","[-0.81402856, -2.1164744, 20.082563, -0.5363012, -0.80445176, 11.568783, 2.0494366, 3.763685, 4.223372]"
Gesture D,"[-1.1971009, 9.691729, 3.7062242, -9.902418, 8.801085, -0.2681506, 0.24899697]","[0.06703765, 34.055126, -0.58418524, 2.767697, 16.931795, 8.1881695, 9.433155]","[-2.0494366, 21.270088, -0.22984336, 0.095768064, 9.433155, 3.9552212, 2.6910827]"
Gesture D,"[0.22026655, -1.091756, 4.55856, -1.6567876, -12.5743475, 5.4779334, -0.46926352, -0.019153614]","[8.283937, 2.3558946, 12.306197, -2.432509, 11.999739, 7.7189064, 9.270349, 8.791509]","[0.34476504, -1.6280571, 4.596867, -1.0055647, 6.5505357, 1.7812861, 4.1276035, 3.821146]"
Gesture D,"[-1.484405, -0.9672575, 7.1730285, 0.35434186, -10.927136, 8.274361, -1.8291701, 0.1436521]","[5.6407394, -0.9672575, 18.722658, -1.934515, 12.191275, 9.873688, 8.820239, 8.839393]","[0.6512229, -2.681506, 7.038953, -1.8004397, 5.8801594, 4.0222588, 3.8307228, 3.620033]"
Gesture D,"[0.30645782, -1.532289, 9.107543, -0.45968673, -15.495274, 6.196194, -0.8714894]","[10.323798, -2.4612393, 30.406363, -3.763685, 10.055647, 9.14585, 8.743625]","[0.46926352, -2.4133554, 16.931795, -3.4763808, 10.1226845, 2.1739352, 4.5681367]"
Gesture D,"[0.7757214, 0.06703765, 8.322245, 0.82360536, -15.524004, 8.66701, -0.33518824]","[1.0534488, 2.1068976, 18.626888, -3.0071173, 11.856087, 9.998186, 9.165004]","[-3.6774938, 0.18195933, 5.8705826, -1.8770541, 6.244078, 1.733402, 3.3135753]"
Gesture D,"[0.45010993, 1.2354081, -0.8619126, 3.8402996, -7.5561004, -2.2984335, 0.8331822, -0.1340753]","[13.158532, -1.733402, 24.74647, 1.6759412, 2.7581203, 15.638926, 6.5601125, 9.576807]","[3.3806129, -3.6104562, 10.457873, 0.2873042, -0.6991069, 8.0924015, 1.9153614, 2.1930888]"
Gesture D,"[0.6895301, 0.8714894, -4.1371803, 5.48751, -5.602432, -4.1371803, 2.1643584, -0.7182605, 0.50757074]","[14.135366, -2.2122424, 20.456059, 3.2465374, 1.0342951, 15.524004, 8.082825, 9.643845, 9.768343]","[3.2273839, -2.9113493, 7.642292, 1.934515, -1.1587936, 3.8881836, 2.1643584, 2.2505496, 4.2999864]"
Gesture D,"[-0.80445176, -5.104438, 0.4405331, -1.340753, 7.9966335, -0.18195933, -9.835381, 7.1826053, -1.0821792, 0.21068975]","[9.471462, 19.04827, -0.8619126, 2.7485435, 14.259866, -2.0398598, 12.334928, 10.668563, 9.002198, 9.730036]","[2.5091233, 4.510676, -4.223372, 1.3694834, 3.4093432, -2.4133554, 7.680599, 5.554548, 3.8019924, 3.3135753]"
Gesture D,"[0.45010993, 1.733402, -0.7182605, 2.0207062, -1.7238252, -11.358093, 4.55856, -1.6567876, -1.1587936]","[14.60463, -1.5610195, 15.064317, 7.479486, 0.23942018, 11.702858, 10.371682, 9.500193, 9.691729]","[5.2863975, -5.2385135, 7.1059904, 2.5474305, -1.8770541, 3.763685, 1.8387469, 3.217807, 1.9440918]"
Gesture D,"[1.091756, -2.3463178, 3.9935284, 2.930503, -8.580819, 9.988609, 0.0, 0.49799395]","[3.6774938, -2.030283, 31.076738, -1.2449849, 7.201759, 15.389929, 9.232041, 9.864111]","[-2.2218192, -2.327164, 14.949395, -2.2409728, 2.4612393, 4.4244847, 2.767697, 3.4093432]"
Gesture D,"[1.4460979, 0.40222588, 0.8810662, 2.9017725, -4.5298295, -2.8634653, 0.7661445, -0.90979666]","[15.600618, -3.1124623, 19.689915, 4.003105, 0.23942018, 15.571888, 8.1881695, 9.346964]","[3.6104562, -3.4476504, 7.489063, 0.6703765, -0.6607997, 7.28795, 1.8770541, 2.0207062]"
Gesture D,"[0.91937345, -2.1068976, 1.1109096, 1.3982137, -4.8458643, 1.4652514, 0.63206923, 1.1013328]","[8.0445175, -2.9400797, 31.775845, 0.39264908, 1.685518, 16.788143, 8.034941, 10.0269165]","[-0.80445176, -2.566584, 22.141577, 1.3599066, -3.6583402, 7.785944, 2.6048915, 2.9400797]"
Gesture D,"[0.45010993, -1.1779473, 1.2449849, 3.0550013, -1.7429788, -10.103531, 2.8538885, -0.91937345, 0.4309563]","[12.239159, -3.7253778, 26.460716, 3.3614593, -0.12449849, 15.495274, 7.2783732, 9.816227, 9.519346]","[2.2026656, -1.8291701, 9.414001, 1.1492168, -3.2944214, 9.749189, 2.2984335, 3.5051112, 2.8921957]"
Gesture D,"[-1.2066777, 0.0, -1.7142484, 3.5051112, -1.8004397, -11.856087, 4.7500963, -1.3120226, 1.1779473]","[18.224663, -2.3942018, 8.628703, 8.513782, -0.49799395, 13.40753, 7.843405, 9.586384, 9.768343]","[5.410896, -2.2697031, 0.047884032, 1.9919758, -2.135628, 5.535394, 2.3175871, 2.767697, 2.5570073]"
Gesture D,"[-2.5570073, 0.17238252, -1.2258313, 7.029376, -0.16280572, -11.654974, 7.086837, -0.62249243, -0.6512229]","[18.195932, -0.19153613, 2.0685902, 15.418659, -1.9153614, 11.003751, 12.679692, 9.414001, 9.528923]","[5.45878, -1.8387469, -0.641646, 1.7142484, -2.0398598, 4.721366, 3.9360676, 2.7581203, 2.930503]"
Gesture D,"[1.3311762, 0.08619126, 0.92895025, 2.480393, -1.541866, -13.388376, 5.171476, 0.1340753, 0.5554548]","[19.469648, -3.466804, 25.04335, 2.4612393, 0.6799533, 13.426683, 7.5082164, 9.634268, 9.797073]","[6.0525417, -4.8841715, 11.702858, 2.0111294, -3.7062242, 6.4643445, 1.2737153, 3.1603463, 2.96881]"
Gesture D,"[-1.5131354, 0.7278373, 0.9864111, 8.820239, 3.6104562, -11.386824, 9.844957, -0.58418524, -0.8331822]","[18.23424, -0.20111294, -1.7142484, 21.844696, -2.1452048, 7.240066, 15.284584, 8.8777, 9.662998]","[7.536947, -3.1603463, -2.633622, 7.0581064, -2.4516625, 4.9416323, 4.3287168, 3.217807, 2.3463178]"
Gesture D,"[-3.2273839, -0.4213795, -0.79487497, 3.5913026, -26.42241, 4.1371803, 4.5872903, -23.415293, 2.6527755, -3.8786068, -1.5227122, -1.9153614]","[7.345411, 8.63828, 9.500193, -6.5026517, 28.969841, 2.6240451, -3.9456444, 14.001291, 8.073248, 9.203311, 8.686164, 9.050082]","[3.122039, 4.865018, 4.8841715, -5.0757074, 13.397953, 1.0151415, 3.3135753, -8.858546, 9.595961, 2.8443117, 2.6431987, 3.7445314]"
Gesture D,"[-4.367024, 0.038307227, 5.410896, -18.483236, 8.801085, -7.240066, 4.0414124, -0.06703765, -1.0534488, 1.541866]","[16.108189, 1.7812861, -6.157887, 21.614853, -1.9249382, 1.5514427, 5.104438, 8.350976, 8.0924015, 8.858546]","[6.7612257, -0.11492168, -1.1683705, 13.273455, 14.240712, -8.24563, 22.639572, 2.815581, 2.834735, 0.038307227]"
Gesture D,"[-2.585738, 0.46926352, 4.213795, -21.14559, 10.860099, -4.6351743, -6.8091097, 0.2873042, -1.0534488, -2.6623523, -2.3654714]","[11.798626, 4.9703627, -5.66947, 25.119965, -0.019153614, -0.91937345, 7.97748, 7.9870567, 8.561666, 9.56723, 9.088389]","[6.4068837, -0.35434186, -4.960786, 17.793707, 7.4603324, -10.534488, 8.197746, 4.003105, 2.2505496, 3.3135753, 4.711789]"
Gesture D,"[-1.6376339, -0.12449849, 4.405331, -15.524004, 5.985504, -5.9567738, -2.3750482, -0.02873042, -1.9632454, -1.7908629, -1.8483237]","[11.559206, 3.5817258, -3.2369606, 18.713081, 0.842759, 0.8810662, 8.226477, 8.169016, 8.810662, 9.040505, 8.916007]","[5.1810527, -3.8498764, -0.79487497, 10.821792, 11.84651, -7.067683, 16.424223, 3.5051112, 4.865018, 3.265691, 4.0222588]"
Gesture D,"[-3.016694, 1.1013328, 4.0892963, -22.495918, 6.6750345, 2.633622, -18.253393, 1.9440918, -1.8866309, 1.3790601]","[14.700398, 3.715801, -4.10845, 24.277205, 5.45878, -4.7979803, 13.417107, 7.029376, 9.32781, 8.66701]","[5.851429, 2.1547816, -4.9320555, 18.100164, 5.3247046, -5.8705826, -5.889736, 5.8705826, 3.5529952, -0.47884035]"
Gesture D,"[-1.7142484, -1.388637, 6.7324953, -28.194118, 5.5641246, 6.14831, -22.831108, 2.030283, -2.327164, -3.064578, -0.21068975]","[12.737153, 7.019799, -5.707777, 23.013067, 3.86903, -4.7405195, 14.60463, 8.025364, 9.490616, 9.346964, 8.599973]","[5.746084, 2.882619, -4.2904096, 18.272547, 5.0374002, 0.6895301, -16.510414, 10.658986, 3.7924154, 3.1986535, 1.4748282]"
Gesture D,"[-2.1260512, -0.8810662, 6.0238113, -34.677616, -0.20111294, 4.4436383, -21.346703, 4.280833, -3.5529952, -1.2162545, -2.336741]","[12.612655, 5.9759274, -5.765238, 22.495918, 6.933608, -4.711789, 14.12579, 6.1004257, 9.279925, 8.973468, 8.983045]","[5.0757074, 4.280833, -6.033388, 14.33648, 14.5088625, -1.4652514, -15.696386, 16.950949, 3.2944214, 4.261679, 3.6583402]"
Gesture D,"[-2.585738, 0.7565677, 8.274361, -25.713726, 9.040505, -5.889736, -12.555194, 2.2218192, -1.9057846, -1.2737153]","[13.378799, 3.0550013, -8.226477, 22.562958, -1.1971009, -2.777274, 10.141838, 6.7708025, 9.586384, 8.418014]","[6.2345014, 0.4213795, -5.899313, 10.620679, 14.518439, -6.8761473, 9.011775, 4.367024, 3.323152, 3.514688]"
Gesture D,"[-3.821146, -1.3120226, 8.820239, -34.00724, 10.658986, -1.4077905, -22.802378, 5.0661306, -1.3599066, -0.46926352]","[11.310209, 7.07726, -8.532935, 26.508602, -0.62249243, -4.0797195, 13.666103, 5.803545, 9.519346, 9.222465]","[3.3327289, 5.0757074, -4.2904096, 13.88637, 12.08593, -5.6120086, -9.251195, 7.872135, 2.767697, 4.5298295]"
Gesture D,"[-3.2369606, -1.5131354, 8.7532015, -30.799011, 10.505757, -0.60333884, -15.524004, -1.1013328, -0.038307227, -2.2697031]","[11.425131, 6.291962, -7.8050976, 25.416845, 0.019153614, -4.6830587, 12.4785795, 9.624691, 10.103531, 8.820239]","[4.4340615, 6.14831, -4.4340615, 14.355634, 11.176133, -5.7365074, -8.734048, 4.462792, 4.012682, 3.6966474]"
Gesture D,"[-5.056554, 0.25857377, 5.535394, -30.990547, 10.515334, 0.9768343, -25.531767, 2.5570073, -2.6527755, -1.733402, -1.9632454]","[16.414646, 5.1140146, -4.1946416, 24.890121, 1.9249382, -5.2959743, 16.4338, 6.253655, 10.25676, 9.299079, 9.816227]","[4.855441, 1.4652514, -4.8267107, 18.397045, 9.940725, -4.5681367, -16.903065, 7.9391727, 1.5897499, 3.5434184, 0.6799533]"
Gesture D,"[-1.3024458, -5.631162, 5.267244, -31.890766, -3.667917, 4.4915223, -21.911734, 2.920926, -2.135628, -2.327164]","[10.132261, 12.0093155, -6.588843, 19.651608, 8.599973, -6.081272, 12.957419, 6.646304, 9.385271, 9.088389]","[3.9839516, 8.456321, -8.0924015, 9.337387, 10.457873, -0.7086837, -17.525557, 14.738706, 2.528277, 2.815581]"
Gesture D,"[-5.267244, 4.807557, -26.250027, -2.432509, 4.8362875, -22.18946, 1.6663644, -4.060566, -2.27928, -1.4460979]","[12.861651, -4.654328, 16.098612, 7.1826053, -4.0892963, 15.064317, 6.215348, 10.151415, 8.686164, 9.126697]","[7.833828, -6.244078, 11.051635, 2.6719291, 0.8523358, -10.67814, 13.273455, 1.5227122, 2.825158, 2.2984335]"
Gesture D,"[-5.8705826, 5.7269306, 3.9935284, -21.815966, 8.073248, -6.4164605, -8.561666, 0.8714894, -2.3175871, -3.4572272]","[15.610195, -3.323152, -6.8569937, 16.002844, 1.5801731, -1.982399, 7.8050976, 8.025364, 8.820239, 8.781932]","[12.306197, -6.205771, 1.1492168, 11.769896, 11.473015, -8.6095495, 7.383718, 6.397307, 4.175488, 1.934515]"
Gesture D,"[-4.606444, 3.8307228, 2.7868507, -19.249382, 11.109096, -6.253655, 0.61291564, -0.8523358, -2.2888567, -2.4995465]","[15.763424, -1.2354081, -5.00867, 17.113754, -2.7581203, -0.79487497, 2.8060043, 7.9870567, 8.839393, 8.820239]","[8.992621, -4.5681367, 1.8100165, 5.985504, 15.217546, -6.7324953, 19.37388, 3.3135753, 5.171476, 4.232949]"
Gesture D,"[-3.8019924, 3.7828386, 6.847417, -26.460716, 5.793968, -1.6184803, -24.947582, 3.122039, -2.7964275, 0.641646]","[16.01242, -0.17238252, -8.695741, 20.867863, 2.2218192, -2.9783869, 13.685257, 7.1251445, 9.11712, 8.743625]","[10.783484, -0.51714754, -5.0182467, 6.2345014, 13.771448, -5.506664, -9.615114, 8.178593, 3.9839516, -0.48841715]"
Gesture D,"[-3.9935284, 2.4612393, 6.1195793, -26.834213, 5.985504, 6.0621185, -21.854273, 4.8841715, -2.873042, -2.2026656, -2.1452048]","[15.44739, 1.1109096, -6.5026517, 23.798365, 2.815581, -3.6870706, 10.831368, 4.8937483, 9.299079, 8.695741, 9.452309]","[9.078813, -2.2888567, -5.66947, 14.12579, 1.5801731, 1.5993267, -10.955867, 12.995727, 3.572149, 3.5242648, 1.532289]"
Gesture D,"[-2.2218192, 1.3120226, 5.7269306, -33.07829, 4.501099, 5.0374002, -21.461624, 2.7964275, -3.8786068, -1.1971009]","[15.811308, 3.0550013, -5.793968, 25.139118, 5.4300494, -4.4244847, 11.386824, 5.257667, 9.404425, 8.820239]","[7.872135, -0.92895025, -6.397307, 16.82645, 5.3725886, -2.231396, -12.670115, 17.142485, 1.8291701, 0.81402856]"
Gesture D,"[-4.3287168, 3.4572272, 8.561666, -34.39989, 7.019799, 1.0821792, -15.619772, -1.9057846, -2.777274, -3.6296098]","[16.51999, -0.18195933, -7.680599, 21.815966, 1.4077905, -5.267244, 10.994174, 9.385271, 9.212888, 9.3661175]","[9.634268, -3.6296098, -3.1986535, 12.210428, 16.021997, -9.452309, -7.632715, 5.267244, 3.4380736, 4.8458643]"
Gesture D,"[-2.7485435, 4.2999864, -20.38902, -7.192182, 6.5122285, -11.482592, 4.673482, -0.545878, 2.9975405, -1.6089035, -3.265691]","[9.222465, -2.3175871, 1.4460979, 8.676587, -4.098873, 4.3957543, 0.48841715, 8.312668, 8.839393, 9.030929, 9.069236]","[6.933608, -6.6175733, 16.97968, 0.9864111, 8.983045, -13.867216, 22.534225, 3.2082303, 3.7253778, 2.528277, 3.916914]"
Gesture L,"[-1.0821792, 1.13964, 6.291962, -7.8050976, -0.2777274]","[5.45878, -0.8619126, 19.88145, 7.345411, 9.346964]","[-0.61291564, -3.7924154, 14.5088625, 4.223372, 2.3942018]"
Gesture L,"[-0.2873042, 1.13964, 5.4300494, -5.8322754, 1.091756]","[6.9719152, 10.505757, 7.8050976, 10.342952, 8.7532015]","[-0.1340753, 2.834735, 2.528277, 5.410896, 2.825158]"
Gesture L,"[-1.0630256, 0.90021986, 8.226477, -7.067683, 0.019153614]","[7.881712, -0.076614454, 13.551182, 9.710882, 8.734048]","[-1.4077905, -1.1875241, 6.301539, 6.7708025, 3.6296098]"
Gesture L,"[-0.60333884, -0.7086837, 7.3549876, -6.7229185, -1.043872, -0.36391866]","[10.534488, -1.3599066, 20.197485, 6.445191, 8.829816, 8.916007]","[0.1436521, -3.1507695, 13.101071, 4.003105, 2.72939, 4.903325]"
Gesture L,"[-0.37349546, -1.685518, 7.6710224, -4.807557, -0.91937345]","[10.898406, -0.076614454, 18.760965, 9.069236, 8.66701]","[0.81402856, -3.0933087, 9.691729, 6.445191, 2.4995465]"
Gesture L,"[-0.8714894, -0.641646, 2.566584, -0.842759, -1.7717092]","[10.457873, 1.8483237, 19.009962, 7.52737, 8.628703]","[1.8100165, -3.514688, 12.765883, 2.2505496, 3.1986535]"
Gesture L,"[0.019153614, -0.29688102, 0.5554548, 2.9783869, -3.2273839]","[11.444284, 5.2768207, 14.288596, 6.5505357, 9.56723]","[1.5131354, -2.135628, 4.2521024, 0.45010993, 4.0892963]"
Gesture L,"[0.78529817, 0.0, -0.47884035, 3.715801, -6.301539, -0.49799395]","[12.0571995, 4.76925, 8.2169, 7.833828, 11.099519, 9.011775]","[2.815581, -2.0207062, -1.3120226, 1.6663644, 7.52737, 2.6527755]"
Gesture L,"[-0.2873042, -2.920926, 4.912902, -3.572149, -2.0590134]","[10.237606, -0.842759, 16.232687, 8.1402855, 8.322245]","[0.9768343, -2.528277, 8.561666, 3.9839516, 2.2026656]"
Gesture L,"[-0.51714754, -0.32561144, 5.439626, 1.2545617, -2.9879637, -1.3503298]","[10.352529, 3.8402996, 19.632454, 6.694188, 9.097966, 9.260772]","[1.1013328, -2.0590134, 11.147403, 1.1971009, 4.31914, 3.41892]"
Gesture L,"[0.05746084, -0.7278373, 2.0685902, 3.3806129, -5.3821654, -0.32561144]","[9.9790325, 5.841852, 16.596605, 7.0102224, 9.787497, 9.203311]","[0.9576807, -0.46926352, 8.781932, 1.7525556, 4.175488, 3.8019924]"
Gesture L,"[-0.29688102, -0.5267244, 3.2848446, -0.9864111, -3.265691, -0.7469909]","[10.745177, 4.4915223, 18.176779, 6.6750345, 9.059659, 9.461885]","[1.4652514, -2.0398598, 11.377247, 1.9057846, 3.1986535, 3.6583402]"
Gesture L,"[-0.38307226, -0.8714894, 6.703765, -1.388637, -2.7485435, 0.08619126]","[11.453861, 1.8770541, 21.969194, 6.6367273, 9.691729, 9.308656]","[1.1109096, -0.80445176, 11.836933, 1.3694834, 3.964798, 3.4284968]"
Gesture L,"[-0.33518824, -0.46926352, 3.5625722, 0.9864111, -2.6527755, -0.63206923]","[10.055647, 3.4955344, 19.144037, 5.6790466, 9.825804, 8.848969]","[0.4213795, -2.2122424, 9.730036, 1.8004397, 4.0797195, 3.3039982]"
Gesture L,"[-0.047884032, -2.4708161, 6.6175733, -2.4708161, -2.1068976, 0.1436521, -0.25857377, -0.41180268]","[9.557653, 0.58418524, 17.24783, 8.743625, 8.7532015, 9.279925, 9.251195, 9.279925]","[0.11492168, -1.2641385, 8.858546, 3.8307228, 2.9400797, 3.0262709, 3.3518825, 4.4244847]"
Gesture L,"[-0.62249243, -0.8331822, 0.4213795, 3.9552212, -4.3766007, -0.6895301]","[10.697293, 6.445191, 10.007763, 9.021352, 10.6398325, 8.829816]","[1.6376339, -1.2162545, 1.8195933, 3.5051112, 6.9048777, 1.8579005]"
Gesture L,"[0.32561144, -5.4204726, 7.07726, -5.257667, 0.095768064, -0.38307226]","[6.339846, 1.1492168, 10.457873, 9.797073, 9.251195, 9.32781]","[-1.4173675, 1.2066777, 2.0685902, 4.8937483, 3.5529952, 3.7253778]"
Gesture L,"[-0.45010993, -1.5610195, 3.1603463, 0.076614454, -2.3654714, -0.5554548]","[9.643845, 2.5474305, 18.061857, 7.575254, 9.3182335, 8.916007]","[0.2873042, -1.13964, 8.887277, 1.2162545, 3.2273839, 3.9839516]"
Gesture L,"[-0.1340753, -1.3120226, 2.633622, 0.46926352, -2.0015526, -0.18195933]","[9.203311, 2.920926, 14.930242, 8.896853, 9.251195, 9.174581]","[0.08619126, -0.9576807, 6.933608, 3.0933087, 3.4284968, 4.261679]"
Gesture L,"[-0.20111294, -0.7278373, 0.45968673, 3.667917, -4.76925, -0.45010993]","[10.1226845, 5.8322754, 14.671668, 7.8912888, 9.988609, 8.724471]","[0.9959879, 0.41180268, 6.7708025, 2.1643584, 5.3821654, 4.098873]"
Gesture L,"[0.29688102, -0.6991069, -2.6048915, 0.4309563, 1.7717092, -4.8745947, 6.5026517, -9.768343, -2.1643584, -0.5267244, -1.0055647]","[8.954314, 9.040505, 17.650055, -0.9959879, 5.161899, 8.820239, 2.8921957, 8.90643, 8.963891, 8.676587, 9.107543]","[3.265691, 4.951209, 10.093954, -2.6527755, 4.1659107, 1.1300632, 14.528016, -0.46926352, 4.060566, 3.323152, 4.5681367]"
Gesture L,"[-1.934515, 1.13964, 4.3766007, -8.724471, 17.630901, -12.98615, -1.4556746, -2.135628, -1.436521]","[13.962984, 2.6048915, -0.5267244, 12.53604, -1.13964, 10.869676, 9.212888, 8.6095495, 10.132261]","[7.4986396, -1.4748282, -0.78529817, 4.596867, 12.143391, -1.3120226, 4.453215, 3.074155, 2.2218192]"
Gesture L,"[-2.930503, 2.0015526, -21.940464, 3.7541082, 2.8921957, -5.142745, -2.1164744, 1.2737153]","[13.656527, -3.4763808, 21.049822, 3.7924154, 3.1986535, 7.7189064, 9.011775, 8.0445175]","[7.8146744, -5.4204726, 13.67568, -0.21068975, 10.477027, 0.9576807, 3.9456444, 1.8100165]"
Gesture L,"[-1.9919758, 3.1411927, -3.916914, 1.3503298, -2.9496565, -6.579266, -1.8195933, -2.5091233]","[15.188815, -1.0821792, 6.244078, 7.6135616, 4.9224787, 8.475474, 9.500193, 7.489063]","[9.519346, -3.8019924, 6.588843, 1.9440918, 9.050082, 1.0151415, 3.1986535, 1.8770541]"
Gesture L,"[-2.834735, 2.4995465, -5.947197, 0.2681506, -0.15322891, -2.873042, -1.8195933, -2.0973208]","[16.041151, -1.2449849, 7.9583263, 7.73806, 3.0358477, 7.5465236, 9.165004, 8.8777]","[6.789956, -3.323152, 6.0621185, 2.8060043, 10.01734, 1.4939818, 2.6623523, 3.572149]"
Gesture L,"[1.4748282, 4.453215, 0.20111294, -13.627796, -4.0222588, -1.5514427, -2.135628]","[2.2888567, -1.8962077, 11.9135475, 7.833828, 7.9870567, 8.418014, 6.9719152]","[-2.4516625, -4.8745947, 6.579266, 5.659893, 2.3654714, 3.715801, 2.6527755]"
Gesture L,"[1.1013328, 7.9008656, -7.776367, 13.67568, -12.363658, -0.63206923, -1.9632454, -2.4133554]","[1.5610195, -6.244078, 15.035586, 0.9959879, 9.749189, 8.7532015, 8.90643, 9.691729]","[-2.9879637, -2.7102363, 4.5394063, 14.528016, -2.2026656, 3.5051112, 2.7964275, 5.4683566]"
Gesture L,"[1.2737153, 4.453215, -17.056293, 11.15698, -15.073894, -1.4652514, -1.8579005, -0.9672575]","[3.5338416, -4.050989, 22.42888, 4.2904096, 10.831368, 8.925584, 8.379706, 9.739613]","[-0.35434186, -7.297527, 10.0748005, 6.7803793, -2.384625, 4.6160207, 2.1068976, 3.667917]"
Gesture L,"[-3.514688, 3.6296098, -11.109096, 4.9224787, -12.650962, -3.5817258, -1.0247183, -2.9879637]","[14.949395, -2.030283, 12.258312, 9.212888, 7.0964136, 8.207323, 9.165004, 9.241618]","[6.6271505, -2.8060043, 4.9799395, 6.1100025, 1.9632454, 1.6567876, 2.834735, 1.9919758]"
Gesture L,"[1.5514427, 7.469909, -13.88637, 11.358093, -8.121132, -1.2162545, -1.7525556, -0.08619126]","[3.9456444, -6.7612257, 18.933348, 1.3982137, 8.082825, 9.078813, 8.6095495, 9.184157]","[-2.4899697, -3.3423057, 4.7788267, 16.692375, -1.6089035, 4.0701427, 2.6048915, 3.2369606]"
Gesture L,"[-4.0318356, 4.050989, -27.935545, 9.825804, -20.628443, -1.8579005, -0.20111294, -1.6376339]","[13.8959465, -2.6431987, 20.66675, 7.469909, 12.650962, 8.1402855, 8.542512, 9.069236]","[6.3206925, -3.8019924, 11.760319, 6.4068837, -3.122039, 3.4093432, 3.3039982, 4.4244847]"
Gesture L,"[2.6719291, 5.2289367, 1.1300632, -7.795521, -3.1603463, -1.5705963, -1.8291701]","[0.076614454, -6.3206925, 11.051635, 5.707777, 8.197746, 8.781932, 9.883265]","[-0.59376204, -3.6391866, 1.8195933, 4.8745947, 1.13964, 2.135628, 3.9073372]"
Gesture L,"[2.7389667, 4.185065, 1.2162545, 8.360553, -5.5258174, -2.2505496, -1.8100165]","[-0.6799533, -0.038307227, 10.113108, 0.047884032, 8.513782, 9.605537, 8.532935]","[-3.2273839, 0.50757074, 4.357447, 9.184157, -0.6607997, 3.6104562, 3.9839516]"
Gesture L,"[-0.40222588, 8.101978, -16.414646, 5.3438582, -16.76899, -2.030283, -0.63206923, -0.8810662]","[7.690176, -6.9719152, 23.137566, 8.418014, 12.258312, 9.088389, 8.389283, 9.442732]","[1.3215994, -3.016694, 1.6759412, 6.6750345, -4.663905, 4.0414124, 2.6240451, 4.855441]"
Gesture L,"[-3.620033, 2.9113493, -14.250289, 2.2697031, -18.301277, -1.6567876, -2.2218192, -1.7812861]","[16.021997, -2.4899697, 15.428236, 9.3182335, 9.864111, 8.599973, 9.346964, 9.289502]","[6.9240313, -2.7581203, 2.4612393, 3.6296098, 1.934515, 2.8921957, 1.6663644, 3.5242648]"
Gesture L,"[-0.18195933, -2.681506, 4.0797195, -14.010868, 8.446744, -19.239805, -0.1436521, -0.9864111, -1.283292]","[10.25676, 7.4986396, -4.5681367, 23.578098, 6.2632318, 11.827356, 8.37013, 8.082825, 10.419566]","[4.673482, 3.41892, -3.5817258, 5.851429, 4.9799395, -3.4476504, 4.223372, 0.9959879, 5.8801594]"
Gesture L,"[-2.2984335, 5.650316, -18.693928, 2.1164744, -14.231135, -2.183512, -1.5227122, -0.49799395]","[9.835381, -4.9703627, 24.621971, 8.322245, 12.143391, 8.734048, 8.868123, 9.461885]","[4.453215, -5.267244, 2.6527755, 2.4420857, -3.715801, 1.9057846, 3.7541082, 3.9552212]"
Gesture L,"[-3.8786068, 2.432509, -6.4547677, 2.4899697, -14.058752, -4.0701427, -1.1492168, -2.3175871]","[15.26543, 0.7661445, 7.699753, 10.716447, 8.676587, 8.973468, 9.050082, 10.103531]","[6.38773, -1.9728222, 5.353435, 1.685518, 7.1251445, 1.7429788, 2.9400797, 3.4763808]"
Gesture L,"[-5.659893, 3.6870706, 1.7429788, -0.5650316, 10.97502, -5.66947, -1.5227122, -0.4309563]","[17.171215, -1.1683705, 1.1204864, 11.013328, 1.091756, 9.174581, 9.710882, 9.519346]","[8.829816, -1.733402, 0.5554548, 6.1195793, 9.021352, -0.12449849, 3.265691, 5.0757074]"
Gesture L,"[3.5338416, 8.178593, -10.879252, 2.5953147, -15.140931, -1.6950948, -1.0726024, -1.9249382]","[1.091756, -5.9567738, 20.264523, 5.315128, 12.325351, 9.32781, 8.944737, 8.810662]","[0.7469909, -4.55856, 10.601525, 0.8619126, 1.1971009, 2.5953147, 2.777274, 5.2002063]"
Gesture R,"[-1.1971009, 4.4244847, 4.7405195, -1.4652514, -0.7278373, 4.807557, -4.721366, -0.90021986, -1.0342951]","[3.667917, 12.660539, 8.1881695, -1.5131354, 18.885464, 2.2697031, 13.9151, 8.552089, 8.360553]","[-2.9879637, 5.861006, 4.9416323, -5.3725886, 4.0892963, -0.51714754, 10.984597, 3.9073372, 6.167464]"
Gesture R,"[-0.58418524, -3.2848446, 7.1155677, -1.5897499, -3.41892, 7.019799, -1.1683705, -1.0726024, 0.31603462]","[9.634268, -2.6144683, 20.398598, -4.003105, 17.985243, 3.5242648, 16.021997, 8.532935, 8.676587]","[0.9864111, -1.1204864, 7.680599, -3.715801, 5.267244, -1.9728222, 11.731588, 3.7062242, 4.951209]"
Gesture R,"[-0.39264908, -1.1109096, 5.8801594, 3.083732, -12.765883, 7.843405, 0.6703765, -1.283292, 0.12449849, -0.8714894]","[7.6710224, -0.7661445, 26.757599, -0.038307227, 10.496181, 9.816227, 3.5434184, 11.664551, 8.1881695, 9.107543]","[-0.29688102, -2.834735, 9.519346, -4.31914, 6.2728086, 1.0247183, 1.3694834, 5.8801594, 3.8115692, 3.2848446]"
Gesture R,"[0.1340753, 2.7389667, 3.2273839, -11.932701, 10.25676, -0.2873042, -1.5610195, -0.5267244]","[3.514688, 25.455153, -0.32561144, 4.0414124, 14.020445, 2.882619, 12.660539, 8.236053]","[-2.5474305, 10.496181, -0.39264908, 3.514688, 2.4612393, 2.2601264, 6.981492, 3.5529952]"
Gesture R,"[-0.009576807, -0.7757214, 8.034941, -0.4405331, -0.5746084, 3.8402996, -3.7349546, -1.6280571]","[4.012682, 0.8619126, 18.195932, -1.484405, 19.871874, 1.9440918, 15.08347, 8.24563]","[-2.4037786, -3.0550013, 3.6391866, -2.719813, 7.038953, -1.1587936, 9.883265, 2.135628]"
Gesture R,"[0.89064306, -2.2218192, 4.2521024, -0.019153614, 3.715801, 4.951209, -2.480393, -0.78529817]","[3.8881836, 5.5258174, 10.70687, -1.8291701, 19.412188, 2.566584, 16.625336, 8.724471]","[-3.265691, 2.3463178, 5.8801594, -4.9416323, 3.6296098, -1.9249382, 11.109096, 3.5817258]"
Gesture R,"[-0.80445176, -1.340753, 6.6846113, -0.5650316, 2.7006595, 3.8786068, -3.074155, -0.6607997]","[5.90889, 3.5242648, 11.415554, -1.4077905, 18.904617, 1.4556746, 13.091495, 8.418014]","[-2.0973208, 0.48841715, 0.9768343, -4.453215, 8.054094, -2.777274, 6.7803793, 3.3614593]"
Gesture R,"[0.24899697, -1.4173675, 6.14831, 4.6351743, -6.751649, 8.303091, -0.8619126, -0.095768064, 0.4213795]","[10.0748005, -1.2162545, 19.996372, -0.6512229, 16.328455, 4.4436383, 17.132908, 8.561666, 8.714894]","[0.545878, -3.0933087, 7.0102224, -5.861006, 7.144298, -1.7717092, 8.801085, 3.074155, 4.596867]"
Gesture R,"[-0.30645782, -0.2681506, 6.703765, 2.9017725, -7.6135616, 7.872135, -3.5529952, -0.8331822, -0.019153614]","[8.101978, 0.0, 22.73534, -3.2273839, 18.272547, 3.3518825, 15.571888, 8.331821, 9.011775]","[-0.61291564, -3.2369606, 8.42759, -5.1810527, 3.5817258, -2.5953147, 9.193734, 3.083732, 3.9743748]"
Gesture R,"[0.2681506, -2.0015526, 5.9184666, 2.327164, -14.528016, 9.270349, -5.21936, -3.0358477, -0.6607997]","[10.093954, -1.7429788, 26.853367, -1.2354081, 12.823344, 8.580819, 4.644751, 11.319786, 8.437167]","[-0.2681506, -1.7717092, 11.099519, -4.405331, 8.101978, -0.90021986, 1.1300632, 4.999093, 3.5625722]"
Gesture R,"[-1.1300632, 0.32561144, 3.41892, 3.8498764, -12.162544, 7.1347213, 1.4652514, -4.7788267, -0.48841715]","[12.306197, -1.0342951, 31.536425, 1.091756, 5.209783, 12.765883, 2.336741, 15.552734, 8.791509]","[1.5610195, -4.357447, 12.77546, -1.6567876, 2.834735, 1.6950948, 0.1340753, 9.11712, 3.0933087]"
Gesture R,"[0.0, -2.1164744, 9.021352, 2.6144683, -11.530476, 8.954314, -2.920926, -0.90021986, 0.31603462]","[7.632715, -0.80445176, 20.685904, -1.4939818, 14.432248, 7.345411, 6.9144545, 11.444284, 8.37013]","[-1.4173675, -2.4229321, 6.7229185, -4.759673, 7.489063, -1.934515, 2.0015526, 4.1276035, 4.060566]"
Gesture R,"[0.45968673, -0.48841715, 7.6135616, 3.6487634, -15.610195, 11.540052, 1.0151415, -3.8977604, -0.4405331]","[12.229582, -2.384625, 29.036879, 0.2681506, 7.0485296, 12.315774, 0.7469909, 15.974113, 7.967903]","[1.2545617, -4.367024, 13.196839, -3.7828386, 4.060566, -0.05746084, -1.6663644, 10.697293, 3.41892]"
Gesture R,"[-0.33518824, -0.15322891, 1.8195933, 4.55856, -6.8282633, 7.192182, 4.0222588, -3.7445314, -0.6991069, -0.18195933]","[10.25676, -0.2777274, 27.763163, 2.7006595, 1.4077905, 19.756952, 1.733402, 15.753847, 8.1402855, 8.6574335]","[0.12449849, -3.8402996, 13.397953, -0.47884035, -1.7717092, 4.185065, -0.7374141, 12.133814, 3.4572272, 3.916914]"
Gesture R,"[1.043872, -1.0151415, -1.7046716, 4.271256, -9.222465, 6.4164605, 0.23942018, -3.3614593, -0.5267244, -0.9672575]","[14.767436, -1.532289, 25.273193, 1.9632454, 2.0207062, 15.696386, 0.49799395, 16.309301, 8.619126, 9.442732]","[2.8443117, -6.205771, 10.0748005, 0.47884035, -1.2449849, 4.596867, -0.34476504, 8.1881695, 2.5378537, 3.1986535]"
Gesture R,"[0.095768064, -1.4556746, 8.341399, 4.0797195, -15.868769, 7.431602, -2.135628, -2.2601264, -1.1013328]","[10.524911, -3.5913026, 27.50459, -4.050989, 12.459426, 7.249643, 6.0142345, 11.616667, 8.580819]","[0.08619126, -3.1794999, 12.603078, -6.5696893, 2.0398598, 1.7238252, 2.6144683, 3.2273839, 4.012682]"
Gesture R,"[-0.6991069, -0.8619126, 1.043872, 4.654328, -16.711529, 10.036493, 2.9496565, -2.767697, -0.31603462, -0.29688102]","[12.191275, -3.3806129, 33.423058, -1.2545617, 6.7803793, 10.160992, 3.323152, 15.399506, 8.379706, 9.481039]","[1.5227122, -3.9935284, 12.976573, -2.8443117, 3.5434184, 0.40222588, -0.45968673, 7.0102224, 2.8634653, 4.31914]"
Gesture R,"[-0.20111294, -0.29688102, 7.728483, 4.280833, -15.71554, 9.471462, -1.0821792, -4.2999864, -0.6895301, -0.5746084]","[12.909535, -1.4173675, 36.085407, -2.2505496, 8.159439, 10.323798, 1.7908629, 13.666103, 8.322245, 9.576807]","[0.47884035, -5.9567738, 17.257406, -4.644751, 5.717354, 2.9113493, 0.6895301, 7.1251445, 3.3135753, 3.9552212]"
Gesture R,"[0.038307227, -1.436521, 8.054094, 2.6240451, -12.593501, 6.4547677, -3.3901896, -0.9864111, -1.2545617]","[9.184157, -1.388637, 22.084116, -2.7006595, 18.406622, 2.6623523, 10.802638, 9.911995, 8.025364]","[-1.2737153, -1.7812861, 8.532935, -5.2863975, 8.695741, -2.2984335, 6.0716953, 3.2273839, 2.3942018]"
Gesture R,"[-1.2162545, 0.81402856, -0.38307226, 7.0964136, -3.4476504, 4.2904096, 3.2465374, -5.046977, -0.7278373]","[14.030022, 3.9935284, 2.873042, 9.873688, -3.1794999, 21.164743, 1.8195933, 15.1696615, 8.714894]","[2.3942018, -3.821146, -3.083732, 3.5529952, -3.6870706, 4.9895163, -0.1340753, 6.033388, 2.3558946]"
Gesture R,"[-1.1779473, -1.5131354, 2.2409728, -25.091234, 9.423578, -1.5897499, -7.038953, 10.5440645, -10.773908, -3.0358477, -1.4269443, -1.9632454, -0.18195933]","[10.505757, 9.414001, -3.7732618, 27.236439, 4.855441, -3.4572272, 13.215993, -3.0933087, 10.91756, 8.628703, 8.00621, 9.097966, 8.973468]","[5.1906295, 4.55856, -5.6790466, 10.371682, 7.201759, -7.565677, 3.7732618, 9.77792, 1.6376339, 3.4284968, 4.606444, 3.6104562, 2.777274]"
Gesture R,"[-3.6391866, 2.777274, 7.326257, -14.978126, 5.1810527, -20.216639, 7.5465236, -23.836672, 0.0, -2.9400797, -3.7828386]","[17.03714, 1.436521, -7.153875, 21.001938, -2.5187001, 15.840038, 5.592855, 13.599066, 7.1347213, 9.184157, 8.781932]","[5.7748146, -1.2449849, -1.685518, 9.069236, 6.885724, -7.393295, 7.3071036, -0.89064306, 4.405331, 3.371036, 4.4244847]"
Gesture R,"[-1.3982137, -2.1739352, 4.76925, -26.594793, 4.9224787, -4.098873, -2.5474305, 3.4476504, -5.602432, -2.4995465, 0.81402856]","[8.887277, 11.281479, -7.469909, 24.899698, 7.785944, -2.5761611, 12.162544, -1.6759412, 9.710882, 9.126697, 8.274361]","[3.9264908, 7.8050976, -5.9663506, 5.535394, 8.944737, -10.649409, 9.030929, 6.129156, 0.076614454, 2.2984335, 2.1930888]"
Gesture R,"[-3.1124623, 4.663905, -25.866955, 1.8579005, 2.4612393, -2.2888567, 8.599973, -11.013328, -2.4995465, -1.5131354, -1.7812861]","[12.248735, -6.4739213, 17.899052, 7.728483, -7.4507556, 12.229582, -2.681506, 10.984597, 8.255207, 8.7532015, 8.207323]","[7.536947, -6.0046577, 8.762778, 11.501745, -7.73806, 3.7924154, 7.632715, 1.388637, 4.1276035, 2.7485435, 3.6487634]"
Gesture R,"[-1.8962077, -2.4133554, 6.0238113, -27.600357, 11.252748, -17.046717, 5.305551, -16.098612, -4.4436383, -2.9592333, -2.528277]","[9.854534, 8.149862, -7.6135616, 27.542896, -3.6104562, 10.247183, 7.153875, 2.4420857, 8.331821, 8.6095495, 7.8050976]","[5.2959743, 5.4204726, -5.0661306, 13.838486, 12.612655, -10.400413, 10.611102, 4.4915223, 4.644751, 3.1124623, 3.466804]"
Gesture R,"[-4.5872903, 0.7278373, 6.5984197, -10.01734, 4.9416323, -19.64203, 9.892841, -23.27164, 0.0, -2.3750482, -4.2425256]","[16.692375, 2.0685902, -8.274361, 16.692375, -3.1890767, 16.184803, 3.964798, 13.263878, 7.383718, 8.379706, 8.695741]","[9.251195, -3.6870706, -3.0358477, 7.632715, 6.789956, -10.572795, 11.559206, -1.5227122, 4.999093, 2.920926, 1.4173675]"
Gesture R,"[-5.2385135, 1.9440918, 6.742072, -7.7093296, 6.0046577, -19.460072, 16.634912, -20.580557, 0.2777274, -1.7621324, -1.6280571]","[15.8304615, 1.1013328, -8.350976, 15.868769, -6.7803793, 17.889475, -2.2505496, 13.761871, 6.3206925, 9.270349, 8.159439]","[10.007763, -1.6472107, -1.9249382, 7.144298, 2.4037786, -6.2823853, 13.148955, 2.9496565, 5.9759274, 3.8019924, 4.261679]"
Gesture R,"[-3.5338416, 3.0358477, -27.648241, 3.8498764, -1.7908629, -3.2369606, 11.329363, -12.373235, -1.5801731, -1.5035586, -2.3558946]","[12.938266, -4.2521024, 17.899052, 9.021352, -6.3302693, 11.18571, -3.8594532, 11.051635, 7.489063, 7.73806, 8.887277]","[7.28795, -4.8841715, 16.85518, 13.005303, -10.515334, 11.587936, 7.632715, 2.327164, 3.8977604, 4.8841715, 5.3342814]"
Gesture R,"[-4.0892963, 1.8674773, 5.449203, -18.02355, 8.034941, -19.115307, 9.3661175, -26.671408, -1.3599066, -2.7102363, -1.388637]","[16.654066, -0.21068975, -8.178593, 22.352266, -5.3438582, 14.077906, 4.8362875, 14.010868, 6.8282633, 9.203311, 7.4986396]","[9.940725, -1.091756, -3.2752678, 14.757859, 7.383718, -12.880805, 11.252748, -3.9839516, 6.0046577, 3.8402996, 1.7621324]"
Gesture R,"[-6.540959, 3.3135753, 6.1100025, -11.540052, 7.1251445, -20.800825, 10.1226845, -21.557392, 0.5363012, -2.5474305, -2.4037786]","[17.496826, -0.20111294, -7.9487495, 18.942924, -4.8745947, 15.840038, 4.2425256, 12.947843, 6.6367273, 8.781932, 8.283937]","[11.769896, -1.7717092, -2.336741, 9.931149, 7.651869, -12.287044, 8.839393, -1.484405, 6.0621185, 4.4819455, 5.9759274]"
Gesture R,"[-5.7269306, 5.7365074, -21.327549, 3.016694, 2.834735, -0.49799395, 5.592855, -8.8777, -1.6089035, -2.5953147]","[16.79772, -5.0757074, 9.519346, 11.60709, -7.5944076, 11.003751, -2.815581, 9.32781, 8.236053, 8.360553]","[11.463438, -4.10845, 14.595054, 15.571888, -9.911995, 6.9144545, 6.83784, 1.436521, 3.8594532, 3.3135753]"
Gesture R,"[-5.631162, 5.363012, 5.659893, -0.5650316, 7.144298, -17.48725, 15.370775, -17.027563, 0.5746084, -2.9113493, -2.0590134]","[17.219099, -3.1507695, -9.021352, 12.29662, -9.088389, 17.410635, -2.4420857, 11.568783, 6.5026517, 9.394848, 8.590396]","[14.173674, -3.2944214, 2.0207062, 7.843405, -4.2521024, -0.22984336, 9.069236, 1.9440918, 5.659893, 2.8634653, 4.357447]"
Gesture R,"[-4.960786, 4.6160207, 4.0892963, 0.8523358, 8.781932, -9.653421, 14.853627, -18.952501, 0.45010993, -2.0973208, -2.0015526]","[16.347609, -1.7908629, -3.6487634, 13.426683, -8.839393, 13.129802, -3.3997664, 13.254301, 5.9280434, 8.590396, 8.714894]","[10.611102, -1.8100165, 3.1603463, 14.595054, -5.8705826, 1.8579005, 8.887277, 3.7253778, 5.391742, 3.7828386, 4.673482]"
Gesture R,"[-5.4683566, 6.7803793, -24.80393, -1.2066777, -1.9057846, -3.86903, 15.121778, -18.942924, -2.6431987, -3.4093432]","[13.934254, -4.6255975, 13.560759, 10.457873, -6.167464, 11.597513, -3.265691, 12.909535, 7.833828, 8.341399]","[9.988609, -7.4124484, 17.266983, 11.3964, -8.1881695, 10.764331, 10.314221, -0.34476504, 4.3287168, 4.213795]"
Gesture R,"[-5.861006, 4.367024, -3.9552212, -5.1140146, 7.345411, -12.564771, 7.833828, -19.929335, -5.104438, -0.8523358, -2.1164744, -1.3311762]","[16.74026, -2.4229321, -2.0590134, 14.365211, -8.197746, 15.389929, 3.3039982, 12.105083, 8.408437, 8.283937, 8.456321, 8.714894]","[9.193734, -4.2521024, 7.651869, 10.132261, -5.7365074, 0.47884035, 5.841852, -6.042965, 4.3287168, 4.012682, 4.3861775, 3.9935284]"
Gesture R,"[-2.2122424, -2.0494366, 8.0924015, -21.279665, 5.506664, -17.075447, 4.903325, -22.199038, -3.7253778, -3.083732, -2.0207062]","[11.109096, 5.650316, -8.90643, 23.654713, -4.2042184, 9.576807, 6.9144545, 5.353435, 7.603985, 8.686164, 7.872135]","[6.215348, 2.2984335, -3.4284968, 14.853627, 14.058752, -12.555194, 10.984597, 5.0661306, 6.9048777, 3.86903, 4.55856]"
Gesture R,"[-7.785944, 6.157887, 3.265691, -8.264784, 7.97748, -20.561403, 12.382812, -24.14313, -1.6950948, -2.7006595, -2.2697031]","[18.013973, -2.6910827, -10.275913, 15.140931, -10.065224, 17.391481, 0.8810662, 12.861651, 7.5944076, 8.6095495, 8.322245]","[9.519346, -0.90979666, 3.0262709, 15.08347, 1.8770541, -5.9184666, 12.488156, -5.133168, 4.7405195, 3.4859576, 4.414908]"
Gesture R,"[-6.1100025, 6.4643445, 3.3135753, -1.8770541, 9.030929, -14.939818, 13.292608, -21.461624, -1.1492168, -3.6487634, -2.3080103]","[17.918205, -5.6120086, -6.742072, 13.158532, -9.3182335, 16.64449, -1.3120226, 13.704411, 7.5561004, 8.571242, 8.599973]","[12.852075, -4.2521024, 7.5561004, 10.6398325, -5.171476, -0.1436521, 8.973468, -0.92895025, 5.8705826, 3.41892, 4.261679]"
Gesture R,"[-6.033388, 8.322245, -26.00103, 0.17238252, -4.7022123, -0.7086837, 15.26543, -16.500837, -1.934515, -2.719813, -1.5610195]","[9.873688, -7.3645644, 18.760965, 4.8745947, -3.8402996, 11.137826, -4.5298295, 12.382812, 7.3166804, 7.97748, 8.63828]","[5.899313, -6.167464, 14.623784, 15.648502, -9.768343, 18.83758, 8.465898, 1.8962077, 4.663905, 3.667917, 3.0358477]"
Gesture R,"[-8.274361, 8.465898, -28.270733, -2.5378537, -5.947197, -0.6607997, 7.9583263, -10.563218, -1.043872, -3.169923, -3.371036]","[16.156073, -8.465898, 11.271901, 10.907983, -3.1890767, 11.051635, -4.5681367, 10.850522, 7.431602, 8.456321, 8.743625]","[10.515334, -4.510676, 24.248474, 12.181698, -7.8625584, 9.222465, 6.253655, 0.9864111, 4.4340615, 4.213795, 5.4779334]"
Gesture X,"[0.50757074, -5.410896, 7.1730285, -1.0534488, 5.1906295, 2.4899697, -0.41180268, -0.21068975]","[12.469003, 0.18195933, 18.387468, 8.437167, 0.91937345, 6.9527617, 10.898406, 8.341399]","[2.5378537, -2.6048915, 8.494628, 5.5162406, -4.3766007, 1.8483237, 3.2944214, 3.9552212]"
Gesture X,"[-0.6512229, -9.174581, 10.141838, 0.90979666, 5.449203, 0.45968673, 0.076614454, 0.02873042, 0.2681506]","[7.680599, -5.1235914, 33.691208, 0.34476504, 0.019153614, 16.998833, 8.465898, 8.274361, 8.714894]","[-0.46926352, -3.1507695, 15.150508, 0.5650316, -3.6966474, 14.020445, 4.5681367, 3.9264908, 5.305551]"
Gesture X,"[2.087744, -8.954314, 13.627796, -5.209783, 5.5641246, 2.336741, -1.1109096, -0.63206923, -0.038307227]","[9.394848, -5.267244, 28.730421, 3.5913026, 0.32561144, 6.3206925, 11.741165, 7.6614456, 8.772355]","[1.1109096, -4.6160207, 12.899959, 5.391742, -3.1507695, 4.7884035, 6.3781533, 4.1180267, 4.55856]"
Gesture X,"[-1.0342951, -7.441179, 10.1226845, -2.1739352, 5.8801594, 0.90979666, -0.05746084, -0.2873042]","[7.8912888, -3.7732618, 33.834858, 0.35434186, 0.45968673, 20.101717, 8.341399, 7.728483]","[-0.9959879, -3.5913026, 19.393034, 2.9017725, -3.8402996, 16.730682, 3.6104562, 5.765238]"
Gesture X,"[0.47884035, -10.266336, 6.0046577, 1.091756, 5.0374002, 0.51714754, 0.61291564, -0.35434186]","[10.563218, -5.1235914, 29.57318, 3.466804, 0.22984336, 19.153614, 8.303091, 7.9870567]","[0.2873042, -2.2409728, 18.148048, 2.4229321, -4.003105, 17.027563, 3.6774938, 3.4955344]"
Gesture X,"[-0.17238252, -8.619126, 8.360553, -1.5035586, 3.8881836, -0.39264908, -0.23942018, -0.45968673]","[11.022904, -4.9799395, 27.753586, 2.6910827, -0.4213795, 16.778566, 8.743625, 8.082825]","[1.5801731, -2.873042, 15.763424, 3.4763808, -3.074155, 16.184803, 4.453215, 4.185065]"
Gesture X,"[-0.90979666, -7.536947, 3.7253778, 0.7565677, 6.1866174, -1.5514427, -0.17238252, 0.82360536]","[10.132261, -6.5218053, 27.571627, -1.2354081, 1.0821792, 15.294161, 7.9487495, 8.255207]","[-0.047884032, 0.22026655, 14.729129, -1.7238252, -2.3175871, 14.058752, 3.9456444, 4.7979803]"
Gesture X,"[0.29688102, -1.1204864, -0.21068975, -0.29688102, 4.405331, 5.6120086, -1.8483237, 0.047884032]","[15.47612, 1.0151415, 3.1316159, 18.339584, -1.8100165, 4.3287168, 12.53604, 8.082825]","[5.45878, -3.0071173, 3.5434184, 11.741165, -5.401319, 1.043872, 6.14831, 3.7732618]"
Gesture X,"[0.34476504, -0.047884032, -2.0207062, -0.8714894, 6.1195793, 4.663905, -1.5227122, -0.23942018, -0.33518824]","[15.140931, -0.6607997, 6.1866174, 17.793707, -1.091756, 6.933608, 13.206416, 7.9391727, 8.963891]","[6.4260373, -5.45878, 7.785944, 13.072341, -7.6710224, 1.5514427, 6.435614, 3.3423057, 4.1659107]"
Gesture X,"[0.076614454, -9.490616, 4.5872903, 1.436521, 5.8705826, -2.873042, 0.34476504, 0.2681506]","[10.400413, -4.865018, 31.871613, -1.0055647, 0.89064306, 17.161638, 7.872135, 8.37013]","[0.78529817, -0.641646, 20.03468, -2.3654714, -3.3135753, 13.599066, 4.5777135, 3.4763808]"
Gesture X,"[0.19153613, -5.746084, 11.070788, -1.6376339, 6.6367273, -0.5267244, -0.78529817, -0.18195933]","[11.999739, 0.06703765, 26.125528, 3.4380736, -0.45010993, 18.981232, 8.226477, 8.494628]","[2.585738, -1.9153614, 14.738706, 4.7022123, -4.8362875, 20.503942, 4.405331, 3.5242648]"
Gesture X,"[0.17238252, -7.2113357, 10.477027, -3.6966474, 4.510676, -0.9959879, -0.5746084, -0.22026655]","[12.871228, -2.5761611, 24.554934, 4.3287168, -0.7086837, 14.54717, 10.879252, 8.2169]","[1.4939818, -2.4708161, 14.355634, 4.2425256, -3.7349546, 10.5440645, 3.4284968, 2.0398598]"
Gesture X,"[-0.45968673, -5.707777, 3.2848446, 6.291962, 4.7309427, -3.1986535, 0.25857377, -0.095768064]","[9.126697, -1.9057846, 21.969194, -2.1547816, 2.078167, 12.344504, 7.929596, 9.126697]","[-0.2777274, 1.4939818, 14.480132, -5.8322754, 0.8619126, 6.885724, 2.5953147, 3.7062242]"
Gesture X,"[0.21068975, -3.371036, 0.39264908, 1.8483237, 4.951209, -0.23942018, 0.16280572, 0.009576807, -0.095768064]","[11.951855, -0.6799533, 10.477027, 9.720459, -0.17238252, 11.224017, 11.319786, 8.2169, 8.973468]","[1.934515, -4.6160207, 6.129156, 5.161899, -3.2273839, 7.929596, 4.8937483, 2.920926, 4.175488]"
Gesture X,"[0.8331822, -3.5529952, -0.36391866, 3.074155, 3.8881836, 3.5338416, -3.620033, -0.6703765, 0.37349546]","[11.022904, -0.7182605, 4.5872903, 19.574993, 1.4269443, 2.078167, 16.242264, 8.350976, 8.963891]","[0.8714894, -4.865018, 3.8498764, 11.57836, -3.4572272, -3.3901896, 10.237606, 3.1986535, 3.6104562]"
Gesture X,"[0.0, -5.1235914, 8.465898, -2.0685902, 4.4723687, 2.9496565, -0.61291564, 0.93852705]","[13.187263, -2.0590134, 14.470555, 9.040505, -0.29688102, 6.349423, 11.137826, 7.795521]","[2.7581203, -4.098873, 7.9391727, 4.7309427, -2.777274, 4.8745947, 5.7843914, 2.5761611]"
Gesture X,"[-0.019153614, -9.442732, 6.8282633, -4.1180267, 6.9048777, -2.681506, -1.8962077, -0.38307226]","[10.04607, -3.8498764, 23.204603, 5.0374002, 1.13964, 11.63582, 10.151415, 8.0924015]","[0.545878, -1.8674773, 17.190369, 5.813122, -3.8115692, 7.7572136, 4.309563, 2.480393]"
Gesture X,"[-0.94810385, -5.793968, 11.233594, -2.1739352, 4.4915223, -1.1971009, -0.91937345, -0.05746084]","[10.160992, -1.0821792, 30.89478, 2.3175871, 0.35434186, 14.441825, 9.998186, 8.39886]","[-0.81402856, -1.3503298, 17.075447, 3.964798, -3.9264908, 10.477027, 3.4763808, 2.8538885]"
Gesture X,"[-0.58418524, -4.663905, 8.178593, -0.45010993, 5.7748146, -4.673482, -0.32561144, -0.9959879]","[10.266336, 5.1235914, 14.393941, 7.575254, 0.39264908, 13.694834, 9.758766, 8.169016]","[1.0055647, 0.94810385, 6.4068837, 7.326257, -5.2863975, 10.151415, 3.6966474, 2.480393]"
Gesture X,"[-0.7374141, -8.7532015, 12.804191, -1.1971009, 5.3342814, -3.7924154, -0.5650316, 0.22984336]","[10.726024, -1.8579005, 29.946674, 0.22026655, -0.1436521, 17.774553, 8.379706, 8.552089]","[1.1587936, -1.7908629, 13.982138, 3.5242648, -5.947197, 18.55985, 3.2752678, 4.453215]"
Gesture X,"[-0.545878, -1.7046716, -2.1739352, -5.602432, 4.7309427, 11.022904, -18.377892, 3.1507695, -21.078552, -3.8594532, -4.098873, -3.3135753]","[7.690176, 7.795521, 9.078813, 13.962984, 0.19153613, -18.579004, 11.549629, -5.535394, 14.441825, 6.83784, 8.42759, 8.561666]","[5.6982, 6.0716953, 2.6623523, 5.755661, 2.5187001, 3.4763808, 0.6991069, -8.896853, 17.611748, 3.4572272, 2.873042, 4.31914]"
Gesture X,"[-6.0525417, 9.346964, -36.01837, -4.098873, 4.3478703, -15.2367, -2.7389667, -2.1643584, -2.585738]","[11.990162, -7.9870567, 20.867863, 1.0534488, -6.1195793, 15.160085, 7.469909, 8.619126, 9.078813]","[6.0238113, 2.5570073, 9.519346, 1.5993267, -9.691729, 14.968549, 2.480393, 3.1507695, 3.8402996]"
Gesture X,"[-7.422025, 7.4507556, -36.487633, -6.8761473, 0.6512229, -13.474567, -3.5529952, -2.528277, 1.2737153]","[16.136919, -3.9552212, 5.9567738, 5.9567738, -2.2122424, 9.844957, 7.0485296, 8.293514, 9.078813]","[5.717354, 1.7142484, 20.772095, 0.6895301, -8.111555, 21.021091, 4.5394063, 2.6431987, 0.24899697]"
Gesture X,"[-4.4723687, 0.49799395, 5.4683566, -11.903971, 4.0318356, -11.137826, -2.5474305, -0.78529817, 1.6184803]","[12.890382, 3.1028855, -14.853627, 11.252748, -5.48751, 14.12579, 7.872135, 8.599973, 8.303091]","[5.592855, 0.47884035, 1.5035586, 2.0207062, -10.429143, 21.20305, 4.6926355, 2.135628, 1.3120226]"
Gesture X,"[-6.2823853, 8.082825, -41.908108, -3.8977604, 6.3589997, -8.820239, -1.13964, -1.3311762, -2.528277]","[14.528016, -5.659893, 11.789049, 2.2888567, -6.2728086, 14.499286, 7.489063, 8.963891, 9.050082]","[7.603985, 1.1013328, 19.440918, 0.047884032, -7.97748, 20.111294, 2.1260512, 2.7389667, 4.807557]"
Gesture X,"[-6.291962, 22.093693, -26.115952, 1.7908629, 2.0111294, -11.894394, -2.6144683, -1.7142484, -2.1164744]","[11.540052, -11.405977, 25.292347, -2.6240451, -3.0262709, 12.315774, 7.967903, 8.676587, 8.829816]","[0.7278373, 3.3806129, 16.654066, -3.7828386, -12.248735, 18.828003, 3.2082303, 2.2218192, 3.265691]"
Gesture X,"[-3.7253778, -2.384625, 16.031574, -23.90371, 4.2999864, 6.8569937, -5.209783, -2.0973208, -1.6376339]","[10.601525, 4.4436383, -13.417107, 23.204603, -3.7828386, -4.644751, 10.0748005, 7.1251445, 8.236053]","[4.2425256, 2.5761611, 0.94810385, 12.976573, -6.090849, -13.8480625, 12.890382, 2.7389667, 4.7500963]"
Gesture X,"[-1.5705963, -8.983045, 14.738706, -22.97476, 1.6472107, 4.1659107, -5.45878, -1.6184803, -2.0590134, -1.934515]","[8.599973, 10.907983, -14.690822, 28.519732, -4.7884035, -4.817134, 12.325351, 6.6271505, 8.954314, 9.069236]","[3.5338416, 4.8937483, 2.719813, 19.967642, -0.94810385, -11.980585, 13.206416, 3.7253778, 4.7979803, 2.5378537]"
Gesture X,"[-4.8458643, -2.2888567, 14.087482, -27.77274, 5.00867, 3.466804, -0.7757214, -1.6663644, -1.4748282]","[14.30775, 2.384625, -14.211981, 23.367409, -8.236053, -8.983045, 8.1402855, 8.6095495, 8.820239]","[6.7708025, 0.37349546, 0.80445176, 16.82645, -6.253655, -4.654328, 5.0182467, 1.3694834, 2.2026656]"
Gesture X,"[-11.386824, 6.943185, -0.82360536, -12.938266, 2.8060043, -18.588581, -3.169923, -1.6759412, -2.8443117]","[19.546263, -3.6774938, -20.398598, 8.580819, -4.185065, 13.273455, 7.642292, 8.331821, 8.935161]","[8.734048, 0.9672575, 4.4915223, 1.532289, -8.312668, 23.673866, 3.4284968, 2.6719291, 4.0892963]"
Gesture X,"[-1.532289, -2.1930888, 18.397045, -27.246016, 2.1739352, -0.37349546, -3.4380736, -1.5705963, -0.8619126]","[10.295067, 5.161899, -14.681245, 26.259604, -4.8362875, -2.9017725, 10.630256, 8.1881695, 8.226477]","[4.999093, -0.37349546, -0.08619126, 19.364304, -7.747637, -7.8146744, 7.5465236, 2.719813, 3.86903]"
Gesture X,"[-5.2863975, -0.5554548, 15.44739, -28.778305, 4.4819455, -9.528923, -3.0933087, -1.0342951, -2.1452048]","[14.767436, 2.6431987, -12.861651, 27.820623, -6.4643445, -5.659893, 8.1881695, 7.833828, 8.743625]","[6.943185, 0.7661445, -0.51714754, 18.89504, -6.081272, 8.0924015, 4.6351743, 2.2505496, 4.3478703]"
Gesture X,"[-2.1164744, 6.3111157, -38.74776, -3.0358477, 12.191275, -3.6774938, -1.9632454, -1.5897499, -1.2258313]","[10.553641, -4.5394063, 23.913286, -0.45968673, -8.935161, 11.664551, 7.6135616, 8.571242, 8.944737]","[5.8322754, -2.9496565, 25.560497, 0.9768343, -19.077, 14.930242, 3.3135753, 4.1180267, 2.5187001]"
Gesture X,"[-2.9975405, 2.6431987, 8.820239, -22.026655, 5.6120086, -39.839516, -6.339846, -2.2984335, -3.0550013]","[14.12579, -1.0630256, -23.195026, 13.369223, -6.847417, 10.46745, 9.921572, 8.446744, 9.433155]","[6.291962, 1.0151415, -0.2873042, 10.486604, -11.089942, 27.878084, 6.493075, 2.4229321, 3.6391866]"
Gesture X,"[-5.439626, 0.4309563, 14.738706, -25.981876, 4.6830587, -4.453215, -2.9783869, -1.6280571, 0.842759]","[13.934254, 1.4173675, -22.955606, 19.268536, -6.291962, -9.308656, 9.998186, 8.24563, 8.561666]","[6.5505357, 3.217807, 0.8523358, 10.658986, -6.847417, 2.2026656, 8.590396, 1.3694834, 0.33518824]"
Gesture X,"[-8.772355, 4.654328, 3.6870706, -20.628443, 3.86903, -8.829816, -5.7269306, -2.3175871, 1.7046716]","[17.401058, -2.1452048, -17.362751, 16.376339, -5.755661, -7.929596, 10.084377, 7.967903, 8.293514]","[8.389283, 2.7964275, -3.2082303, 8.169016, -9.892841, 16.663643, 8.532935, 1.2354081, 0.21068975]"
Gesture X,"[-5.650316, 10.601525, -31.411926, -0.17238252, 7.9966335, -14.279019, -5.085284, -2.6048915, -2.9400797]","[8.90643, -8.561666, 23.970747, -2.9975405, -7.0102224, 12.74673, 7.8050976, 8.858546, 8.7053175]","[3.6008794, 0.79487497, 19.10573, -2.8538885, -10.496181, 17.027563, 3.6583402, 2.1547816, 3.1603463]"
Gesture X,"[-4.156334, -0.20111294, 11.415554, -29.582756, 4.0318356, -15.322891, -3.7924154, -2.72939, -3.6296098]","[13.627796, 1.4269443, -19.737799, 18.47366, -6.1387334, -11.099519, 10.1226845, 7.881712, 9.452309]","[5.5258174, 0.22026655, 1.0247183, 11.18571, -5.401319, 9.433155, 4.9799395, 1.733402, 3.4763808]"
Gesture X,"[-9.77792, 6.991069, -55.622093, -1.2258313, 12.363658, -13.244724, -2.7006595, -3.4763808, -2.9975405]","[14.891934, -7.7667904, 14.5088625, -2.2984335, -9.509769, 16.481684, 7.651869, 9.193734, 9.155427]","[5.985504, -1.13964, 32.369606, -0.9672575, -13.474567, 10.831368, 2.0973208, 3.0550013, 1.4939818]"
Gesture X,"[-5.0757074, 8.734048, -36.79409, -1.541866, 12.018892, -7.2783732, -0.8523358, -1.6567876, 2.4420857]","[10.754754, -9.232041, 25.876532, -2.432509, -11.654974, 12.995727, 7.575254, 9.088389, 8.418014]","[2.5953147, 0.545878, 14.633361, -0.45010993, -14.480132, 11.84651, 1.5993267, 3.0933087, -1.2737153]"
